crystal_id,C_pi0
0,1.0
1,1.0
2,1.0696562640706044
3,1.0
4,1.0
5,1.0
6,1.111128038109305
7,1.0
8,1.0915983677792678
9,1.0467677938129614
10,1.0
11,1.0
12,1.1070766976100987
13,1.0866105537462423
14,1.0
15,1.0
16,1.0
17,1.093081141548244
18,1.0
19,1.1000368592681034
20,1.0608564704544972
21,1.069540608349046
22,1.0753558080946868
23,1.0591339269189832
24,1.0768275808195604
25,1.1008353430690376
26,1.0595608886274142
27,1.0866708704629533
28,1.066546102713068
29,1.0965484652430313
30,1.0442285740880586
31,1.0554993573247393
32,1.070589122852207
33,1.0541215501659875
34,1.0921612761531239
35,1.0686552805517333
36,1.0
37,1.0
38,1.0
39,1.0
40,1.0850602205290847
41,1.1312710167645241
42,1.0255778335100467
43,1.0168102180242524
44,1.0669596325535116
45,1.0
46,1.0457062477451091
47,1.0209837906434776
48,1.0187757657425847
49,1.0548135576270599
50,1.068348456100542
51,1.0374077920491374
52,1.051635054442669
53,1.066791988613634
54,1.088675790742147
55,1.069199876934005
56,1.0613187702447722
57,1.1085009308282225
58,1.0684834476393656
59,1.0697328318783041
60,1.0882857527839913
61,1.0456208477963258
62,1.0
64,1.0
65,1.0882710752028815
66,1.0611493014188258
67,1.0620819690704355
68,1.0969879061300345
69,1.0655430793278433
70,1.0645123350543468
71,1.048051700390287
72,1.087090433169739
73,1.1038235854735248
74,1.055137554435323
75,1.0595077321793926
76,1.0594491429410318
77,1.0469761911114097
78,1.0476545851645342
79,1.078086288426618
80,1.0898774872539394
81,1.0642399793351105
82,1.0806746631754143
83,1.104501028476585
84,1.081046191397702
85,1.061171403474079
86,1.041209953909859
87,1.0525038570246896
88,1.0876990590873534
89,1.0939837775821684
90,1.1164031775972836
91,1.1210100039364346
92,1.0820349873715605
93,1.0720584442656391
94,1.094986549262021
95,1.1221315393765863
96,1.0542477323985573
97,1.0634970096448901
98,1.0395944302007272
99,1.063110765928961
100,1.034082494136378
101,1.0529053973876117
102,1.0698920976914545
103,1.0512222875619042
104,1.0951877880219243
105,1.0565240733021992
106,1.0797701867942684
107,1.0341345774867516
108,1.0414687750081324
109,1.0689194900704795
110,1.0494714838233143
111,1.0563229372907226
112,1.06038796628917
113,1.0687723155897115
114,1.0554827586627566
115,1.0630270424766919
116,1.080550290836434
117,1.076540402722726
118,1.0776240471424603
119,1.0611366337811117
120,1.0596255631886224
121,1.0
122,1.0
123,1.0
124,1.0695452697042764
125,1.0656513795211096
126,1.063741488151449
127,1.0670597578539696
128,1.0498395577281645
129,1.0480271288060479
130,1.046375679987534
131,1.0759087155800333
132,1.038233105859016
133,1.078617806404977
134,1.0739691345320077
135,1.0442219196013298
136,1.0454958774776115
137,1.057555467439443
138,1.0385385553136537
139,1.0681894738026296
140,1.0894058698673112
141,1.06181377753158
142,1.0636061817368734
143,1.0601923137522433
144,1.0363380428355105
145,1.0608299343694556
146,1.0358612801636768
147,1.0617577382345431
148,1.067041378459884
149,1.0826997306175328
150,1.095214250365803
151,1.0511418124001388
152,1.0512580884380653
153,1.0489010485535604
154,1.0547145176974955
155,1.0
156,1.0
157,1.0
158,1.040968501570979
159,1.068229662405601
160,1.0965670587115022
161,1.0918188234559614
162,1.0892276591334673
163,1.0309764891144104
164,1.0691605754263394
165,1.0481525493472201
166,1.0634458891076017
167,1.0550675994846648
168,1.0663495695736411
169,1.0314867187109273
170,1.065488718925486
171,1.0178252528025176
172,1.0205319865018165
173,1.0897697718672312
174,1.0571497207260574
175,1.065856057640992
176,1.085513036132201
177,1.0463177264864152
178,1.0456145666311527
179,1.0330882274962159
180,1.0771972818804387
181,1.049134930969935
182,1.0515750211058927
183,1.0724416196732411
184,1.0457142852276358
185,1.0445459090728002
186,1.0586022451146722
187,1.05281312280099
188,1.0415478144868782
189,1.0597531349417697
190,1.072517636197111
191,1.0871934713989542
192,1.0448006943333275
193,1.0
194,1.0
195,1.0
196,1.0
197,1.1294052886290846
198,1.0427734157895674
199,1.0697224631313416
200,1.1148441225260262
201,1.0455499124913292
202,1.0835465814479568
203,1.0517836244265275
204,1.0661830643686507
205,1.0675773216023638
206,1.082975413414085
207,1.0711910128672044
208,1.0278271917706303
209,1.062544876432591
210,1.0537538783234095
211,1.0681749988301494
212,1.0555782971066001
213,1.044944640283769
214,1.0321972746557346
215,1.0977681314342265
216,1.0529071880372405
217,1.024673063276617
218,1.0592423920464957
219,1.0703645467157914
220,1.0905378135954893
221,1.0719543457774185
222,1.0734905917298658
223,1.0617353459126222
224,1.0653680730154782
225,1.0548965626173414
226,1.0625703961250383
227,1.0261628751662257
228,1.0524780926536665
229,1.0650114805269824
230,1.054261056914164
231,1.0644262883747717
232,1.058568141292017
233,1.0
234,1.0514931249020965
235,1.1046598061019406
236,1.0
237,1.0
238,1.0
239,1.0929868998427419
240,1.0273686065809178
241,1.057754795607629
242,1.0776708590792121
243,1.059469120571542
244,1.0455752688007292
245,1.0605278884029308
246,1.0489449860003117
247,1.0257126728881074
248,1.0451503471548433
249,1.0375399555238727
250,1.0683297016478976
251,1.0553838909979334
252,1.048536665126013
253,1.05276586856916
254,1.0365567804870965
255,1.052689001604654
256,1.076117073317066
257,1.0701952075276246
258,1.0280110462713599
259,1.076655807166345
260,1.0518410532114326
261,1.0511910579989936
262,1.0743275845670912
263,1.0578784871560236
264,1.0807859184815036
265,1.057300994213405
266,1.0557959458889814
267,1.0579348039451109
268,1.0463683436940328
269,1.0798074478715707
270,1.0729682626822585
271,1.0511690391156254
272,1.029614677146163
273,1.0676729768783244
274,1.0865260901724423
275,1.0493634366968845
276,1.0716326386505879
277,1.0664300289336726
278,1.1196828716707994
279,1.0
280,1.0
281,1.0948451863754383
282,1.0384752320195025
283,1.070891939517088
284,1.0547908782728241
285,1.0375475867469135
286,1.0629737833168287
287,1.0728771211433696
288,1.0799105956452584
289,1.0463298976375122
290,1.056561122370207
291,1.0522209231467643
292,1.0397960308182743
293,1.0936177398132778
294,1.0754762895239633
295,1.0762055774641854
296,1.0557020958266934
297,1.059652956238361
298,1.0368679228639406
299,1.0721594985966922
300,1.0479509723868325
301,1.0420636648812036
302,1.0817727649463698
303,1.0714667315971886
304,1.0117368215084082
305,1.0456053427055454
306,1.0604424877575336
307,1.0606708823669857
308,1.037683727075104
309,1.0540006400901518
310,1.081484716375506
311,1.0662322457810216
312,1.0552075846290183
313,1.0603088112607997
314,1.0730514404375993
315,1.0385627963682926
316,1.056239752495277
317,1.0832459370203449
318,1.0538508025528504
319,1.0412012387970255
320,1.0404988562506454
321,1.0700758995016755
322,1.0627872860202339
323,1.0
324,1.0
325,1.0
326,1.0972012916959772
327,1.036848825673514
328,1.1180177195966023
329,1.0728273477071733
330,1.0456671444974885
331,1.034498331053535
332,1.0617695349793674
333,1.0848961485260746
334,1.0774648382875478
335,1.0671905969050834
336,1.0707486827796584
337,1.0774258340419736
338,1.0807063757122428
339,1.0586724319274923
340,1.0640663363316427
341,1.0437968670981472
342,1.0619765835332609
343,1.0460254968215312
344,1.0839954775154421
345,1.0513259956582324
346,1.0862950515504384
347,1.0627434447933748
348,1.0549789158831462
349,1.0498740830632394
350,1.0623309615331027
351,1.0276128714746104
352,1.0460368809735427
353,1.042231773478297
354,1.0660348056770332
355,1.0622539364103143
356,1.0516680524051163
357,1.0511080689383214
358,1.0555711874962321
359,1.0491257324969139
360,1.0171855709550834
361,1.058041337559436
362,1.0420910086976996
363,1.0672379591959542
364,1.036475237350541
365,1.0785389564972994
366,1.0485955734746775
367,1.0
368,1.0637356019537125
369,1.0
370,1.1099578675956974
371,1.0
372,1.0
373,1.0931149065717736
374,1.0925833626002714
375,1.0672858229721218
376,1.0686581731794491
377,1.0505474457515944
378,1.0685869851026666
379,1.019222297653303
380,1.0662754518747408
381,1.033743846017976
382,1.0633004673945041
383,1.0711391672582273
384,1.0645636856498981
385,1.0835195183233064
386,1.0791129303770515
387,1.0504227950354137
388,1.0677429532209572
389,1.057472436771769
390,1.0781670632413294
391,1.0625367648707078
392,1.0491725271706502
393,1.0655582627943592
394,1.070732419018789
395,1.0450531384395871
396,1.045533021674889
397,1.0559262124394606
398,1.0679432961385895
399,1.0253333949791945
400,1.0752208960379952
401,1.0521813363232198
402,1.0625058487490016
403,1.036396141463887
404,1.0642273298741682
405,1.0736444684308
406,1.0738327499383062
407,1.048868231509733
408,1.0455783593527448
409,1.0270269748801515
410,1.070011424710307
411,1.073384180291073
412,1.0466020744319304
413,1.063712838164335
414,1.065175397214156
415,1.0400580027584128
416,1.0667605167645193
417,1.073927324091113
418,1.0
419,1.0
420,1.1160975281729122
421,1.0723429076080078
422,1.0984067375311337
423,1.0856588522362929
424,1.0523413115924314
425,1.0532073335326213
426,1.0761790113596803
427,1.0779365010998647
428,1.0674373880612145
429,1.0587570838382112
430,1.0644244337297668
431,1.057597987962744
432,1.0642149769947795
433,1.031502083675041
434,1.0552414203649645
435,1.0388269274045543
436,1.0643527734414866
437,1.0396732245481857
438,1.0560839053021838
439,1.0447931369585266
440,1.073402754782534
441,1.047366963402353
442,1.0710222343380562
443,1.0205102917455482
444,1.0454187884723485
445,1.049807573769088
446,1.0441574756325156
447,1.0604595199797806
448,1.0444625887114234
449,1.043677365414277
450,1.0619478947946213
451,1.0510394636365181
452,1.070084085116152
453,1.0425125122555354
454,1.024889155329469
455,1.045473322399536
456,1.062349107944737
457,1.0578628021374523
458,1.0538827079766815
459,1.0520466320771376
460,1.0445253706726174
461,1.072663764166503
462,1.0713364598351247
463,1.0682555163394762
464,1.049219656122348
465,1.052767095404913
466,1.0828965401570012
467,1.0
468,1.118503564309221
469,1.0767327928622465
470,1.0955436534667105
471,1.0410781967197584
472,1.0739718330086243
473,1.0533331183456847
474,1.0388483259469332
475,1.031818814940893
476,1.0619059166352878
477,1.050887357374938
478,1.039581391554226
479,1.0299623150694295
480,1.0497410415315662
481,1.0524275713986904
482,1.0566914545706354
483,1.0713866089694268
484,1.0679846029005609
485,1.0688200239753338
486,1.0880306740346533
487,1.0607364920925908
488,1.0482851041528352
489,1.0591998113340442
490,1.0392457671081743
491,1.0632380406229371
492,1.0672211494640451
493,1.061711190265098
494,1.0315729645413552
495,1.0465320614917502
496,1.0447320512432723
497,1.0467847255686282
498,1.0557808054109956
499,1.0473533698519844
500,1.0378597847882276
501,1.0093493601676953
502,1.0756491246022248
503,1.033452455147677
504,1.0593442092062142
505,1.0624880686250935
506,1.0725767295114048
507,1.0743932837084145
508,1.0525489606845164
509,1.068386613899875
510,1.0484560355313453
511,1.0612120388390454
512,1.0302034663641684
513,1.0960487663241552
514,1.040895630234539
515,1.0821220077992133
516,1.0
517,1.0844592571423168
518,1.1070798195996772
519,1.065427472505139
520,1.0701652848782208
521,1.0860284880057687
522,1.0786355014565991
523,1.0493356064664885
524,1.0720502733279933
525,1.0625505674333682
526,1.0493187547009732
527,1.0807084207908624
528,1.0599023727735297
529,1.0772555154447558
530,1.0476568331536915
531,1.0537961680359025
532,1.0618751608848236
533,1.0667245693055967
534,1.056739513521984
535,1.0630144107416135
536,1.029149630848672
537,1.0827318772015604
538,1.0620078199489662
539,1.0346797941531756
540,1.0626236446368678
541,1.0548128982755482
542,1.0538782872589278
543,1.039728694730086
544,1.078471148234459
545,1.0577179396052125
546,1.0500625119396059
547,1.038964961222596
548,1.0713461979991914
549,1.0550445665748622
550,1.0557643386012339
551,1.0559036116803917
552,1.0835531743025189
553,1.0605504393421243
554,1.045811712564735
555,1.0760135451617712
556,1.064234995098456
557,1.0695967005229123
558,1.054558524143958
559,1.0345531438669002
560,1.0482248380205734
561,1.053357833909261
562,1.0695405644962974
563,1.0489904712746794
564,1.0557266550927777
565,1.0830323311822982
566,1.0
567,1.0
568,1.0809459977954434
569,1.0963110386662624
570,1.0735917064801703
571,1.0865144161434546
572,1.092646150419351
573,1.065240069240948
574,1.0446167854080968
575,1.055760016525148
576,1.0389999487101071
577,1.0482811180886038
578,1.045758930835379
579,1.0488933261109588
580,1.03182698043258
581,1.0762709923992986
582,1.0719822236003211
583,1.0358608710695185
584,1.0196235201753914
585,1.0457767800756779
586,1.0642087565245186
587,1.0607255278687966
588,1.0556095890098205
589,1.0458160006772683
590,1.0420942944025795
591,1.0654769729506344
592,1.0515922357979284
593,1.053154182239333
594,1.062498706549992
595,1.0533043065077627
596,1.0457053086127086
597,1.0544247616394504
598,1.033826199501822
599,1.048588837752374
600,1.0508367470662723
601,1.055108256911554
602,1.0524596609883705
603,1.067030355668986
604,1.052512652580976
605,1.0288550368528078
606,1.0588178818274174
607,1.055951701070629
608,1.0401252576426214
609,1.093290748570137
610,1.0529327240543707
611,1.0364600272821825
612,1.0224380868834024
613,1.104840799353458
614,1.0308686105567775
615,1.0550057441972645
616,1.0595530172140555
617,1.0501311197533234
618,1.1351207095499434
619,1.0
620,1.0
621,1.0511780248245015
622,1.0346606086745174
623,1.0815198972980344
624,1.0583692103433042
625,1.0749585722916586
626,1.0826984505082746
627,1.0950126422289606
628,1.0680921666352203
629,1.069303449377414
630,1.0541175238947764
631,1.037406696063619
632,1.0719479048189833
633,1.0575999687422042
634,1.0577746062021707
635,1.068507493481654
636,1.0665022869491367
637,1.0674010178129512
638,1.0385416757722437
639,1.0544951054548701
640,1.0319881344567001
641,1.0431627382583921
642,1.0729459200745988
643,1.0318780282453721
644,1.0375810781401427
645,1.063279997434196
646,1.0739192987502373
647,1.0430543234573415
648,1.0512482083654442
649,1.0486402156692312
650,1.0440586377538197
651,1.0625760693977726
652,1.0454871837367024
653,1.0509791296798512
654,1.0445074535634773
655,1.06972568879836
656,1.0391351907260908
657,1.0543043078067842
658,1.056905707157571
659,1.0645418238745987
660,1.0529710467510183
661,1.0714977218186015
662,1.0570433555380288
663,1.031278232441258
664,1.0295353408661503
665,1.0931674500120085
666,1.0702658854034623
667,1.0582965594217735
668,1.075931119247591
669,1.0762828639174882
670,1.134033942268697
671,1.0
672,1.0
673,1.1043794862225014
674,1.058239197362555
675,1.0573602827845032
676,1.0628243799817878
677,1.0660390007620426
678,1.055752725316234
679,1.0345221715298796
680,1.0531938325272863
681,1.0858704613501056
682,1.066312761245387
683,1.069945352098292
684,1.066565094046767
685,1.0571666650179012
686,1.044196707606009
687,1.0739309549498885
688,1.0529480840392098
689,1.0396467144516313
690,1.0535486635345328
691,1.0634899495937709
692,1.068234493650685
693,1.040829617564408
694,1.05207212372057
695,1.0760365820979128
696,1.0501193541203717
697,1.0459218345887904
698,1.0560312221120376
699,1.0419025682073795
700,1.0540734670756995
701,1.0604369747707407
702,1.0350216968249193
703,1.0572256037453656
704,1.0690507797666653
705,1.0601035532922618
706,1.0493779323149957
707,1.0455048290676656
708,1.0608411994720663
709,1.0493212328264763
710,1.066490525518762
711,1.0303352105186976
712,1.050624242617634
713,1.0530667708617862
714,1.0358970559910068
715,1.0619236689745128
716,1.050356278237248
717,1.062751012036078
718,1.0813067279678683
719,1.0502682981774647
720,1.0548525595277902
721,1.048742096710593
722,1.064192685288511
723,1.0385516144159448
724,1.046658424016285
725,1.0466833557729371
726,1.0
727,1.0
728,1.0711720431373009
729,1.0540216826253836
730,1.0504765901640225
731,1.0730148446762338
732,1.0879704009916966
733,1.027643745373244
734,1.068200449098849
735,1.0618258105824143
736,1.047606243569597
737,1.0570361834124111
738,1.029180220319846
739,1.0648910448367268
740,1.057597230511339
741,1.0314427625741782
742,1.054901971187731
743,1.029470579533408
744,1.0774397395317583
745,1.0485646474554275
746,1.0370388936232324
747,1.0442569733401426
748,1.0646186959047592
749,1.0528936284661659
750,1.0508498842749217
751,1.0452826617924444
752,1.047619459553577
753,1.0765969661596781
754,1.0304930100126422
755,1.047882520253952
756,1.0487495745165307
757,1.0586852830155706
758,1.034698033152234
759,1.0335219799467255
760,1.040964767320546
761,1.046356111880609
762,1.0486107319210431
763,1.0554941570583023
764,1.0526706627306641
765,1.0425650875030326
766,1.0633411980862337
767,1.0867305049765976
768,1.0914871903648353
769,1.068690695161621
770,1.0615656666374482
771,1.061367421140259
772,1.0524708604640611
773,1.0492155308462061
774,1.0629243216290698
775,1.1086254442748786
776,1.0737231971274444
777,1.052189781306329
778,1.0541974686857931
779,1.0417297560879328
780,1.0875647906960333
781,1.0
782,1.0
783,1.0698314886092155
784,1.0586845689619087
785,1.0565235549366752
786,1.0701892127311448
787,1.0540350227462278
788,1.0696155374459821
789,1.0417812171517167
790,1.0573591387039674
791,1.0610899431159606
792,1.0645398689726409
793,1.035992970011123
794,1.0745509982044397
795,1.0580496941766107
796,1.051198707634134
797,1.0495502479482728
798,1.0479772262620617
799,1.0713966388449918
800,1.0373834930922525
801,1.058653788327216
802,1.058189667141949
803,1.0539639927715438
804,1.0262354696781275
805,1.0307515574459605
806,1.0425188545615207
807,1.0763986910038714
808,1.0435218187371829
809,1.0487324433568987
810,1.0609286498069563
811,1.0449660468097117
812,1.0508958592456707
813,1.0331302252737196
814,1.0266234470856193
815,1.0434805659318531
816,1.0573230622107967
817,1.0421873101080046
818,1.0514980439950707
819,1.03525919069637
820,1.0527685088995449
821,1.0349805886992447
822,1.062843905671724
823,1.0546742219053096
824,1.044381989429091
825,1.0720537609600593
826,1.066672462472664
827,1.0503924602240997
828,1.0431311544301807
829,1.0713290431982638
830,1.064844421435934
831,1.0172107129592924
832,1.0528436375914607
833,1.05066219865324
834,1.0963136492554886
835,1.042138017145891
836,1.0759225738375762
837,1.1313172221344268
838,1.0
839,1.0
840,1.0897934715343012
841,1.0264700212181876
842,1.0741553486325988
843,1.0
844,1.0513884257763038
845,1.0580494799169016
846,1.061619060289904
847,1.0513209449995682
848,1.074681216367414
849,1.0800758829529007
850,1.0455883873570742
851,1.0698979471375094
852,1.0452394899430044
853,1.0411011383373365
854,1.0613157355914458
855,1.0644572165351758
856,1.0694484107925062
857,1.035984991545863
858,1.0258981314438713
859,1.056831194402554
860,1.037457635346192
861,1.0513053412669315
862,1.0410644237364437
863,1.0447793717767808
864,1.0556954676951171
865,1.0336734211594123
866,1.0447711789895031
867,1.0290098501128415
868,1.0413898866565499
869,1.0404370877905509
870,1.0618458190975355
871,1.0525532953293684
872,1.053009071728184
873,1.0564520887005122
874,1.0637642228695887
875,1.0553121612950624
876,1.043594640408844
877,1.0462204120154175
878,1.0597306186400366
879,1.0376333454497049
880,1.0735084176732668
881,1.05776356765524
882,1.0448331698559725
883,1.0582309943465422
884,1.0577386478675324
885,1.0902997071205798
886,1.05260964379881
887,1.0551116021807072
888,1.0496677980643287
889,1.0380816104180437
890,1.059598985952077
891,1.0733061434239148
892,1.093255066735263
893,1.040667479754698
894,1.0974943802094053
895,1.0
896,1.0
897,1.0
898,1.0920237253862373
899,1.0
900,1.086217817058746
901,1.0776510445966114
902,1.0895403437759346
903,1.0700564102754013
904,1.0687629396895537
905,1.069286845560511
906,1.024438767830736
907,1.064029873083209
908,1.0690770109430996
909,1.0542771786589293
910,1.0394437422646403
911,1.0583135163602098
912,1.0581377196254105
913,1.0557985345321967
914,1.051282293297603
915,1.0424112701222323
916,1.0492075033558554
917,1.0600176711257416
918,1.0408329921776023
919,1.0251481286079378
920,1.0352186217975967
921,1.051844787450349
922,1.0439453837267079
923,1.048745157333637
924,1.0348243419509264
925,1.0436975745502948
926,1.0532022381865151
927,1.0526083487063158
928,1.0469182518842437
929,1.0535096842338272
930,1.0353297042389484
931,1.0580419232315108
932,1.0339391641785793
933,1.0511902435756797
934,1.0393465641267765
935,1.0501861588776549
936,1.0557744760989702
937,1.0743803057196282
938,1.076123264329381
939,1.0519804824691503
940,1.0519603850486743
941,1.0456451146555823
942,1.0545743980836926
943,1.0452630234022855
944,1.0311156251828881
945,1.054504527663669
946,1.0476537120728324
947,1.0634915843372628
948,1.052320902376477
949,1.0774523062642116
950,1.0539962538494614
951,1.1038648441696555
952,1.0914453837089026
953,1.0
954,1.0
955,1.0
956,1.0830281134987256
957,1.0471760481539785
958,1.0509598614392077
959,1.0809103617107014
960,1.070024071960211
961,1.0666204554300782
962,1.0501460753895033
963,1.0574424056782588
964,1.0791433207064927
965,1.0766954243052436
966,1.0506102337890173
967,1.0490699960128886
968,1.036849198487737
969,1.0589523661351445
970,1.0557946569615795
971,1.041888600078445
972,1.0549771191668904
973,1.0686485785027073
974,1.0235510660147682
975,1.0604628453496234
976,1.0418878531388365
977,1.0454916803576288
978,1.044010462031057
979,1.050519583907567
980,1.0253796039084537
981,1.0547064320280184
982,1.0603271360498974
983,1.0422005852768768
984,1.0355791197654534
985,1.0419857334114555
986,1.0562803870132478
987,1.0507787827944592
988,1.0465081136423484
989,1.0529553307165331
990,1.0430872472604393
991,1.044351132478123
992,1.036207972976473
993,1.0439424612524835
994,1.0468661495930833
995,1.0505292819395526
996,1.0363871201561277
997,1.063763601539516
998,1.0518137415655904
999,1.0565653645901816
1000,1.0223658088919543
1001,1.0636081992146602
1002,1.0548475466816876
1003,1.0531024220730618
1004,1.0757170479844154
1005,1.0808471012290135
1006,1.03127811541193
1007,1.0687467120244756
1008,1.0412636253169059
1009,1.0659440807656342
1010,1.0
1011,1.0613925864335148
1012,1.0
1013,1.0
1014,1.0778774563470608
1015,1.0685689888103238
1016,1.1183465642905475
1017,1.0804228547687176
1018,1.079829991739361
1019,1.0608436433349315
1020,1.0692707746364725
1021,1.0232358264370989
1022,1.079377600039138
1023,1.0377049614593616
1024,1.009195433661688
1025,1.0614221297777595
1026,1.0584186807767326
1027,1.0543598640003518
1028,1.0571736491838066
1029,1.0397200258532187
1030,1.0296888703132707
1031,1.0378196769747776
1032,1.0441790390618135
1033,1.0651286196863345
1034,1.0616767675978385
1035,1.032219755562948
1036,1.049661047863618
1037,1.0555898078385617
1038,1.0377699413225185
1039,1.0529433399423256
1040,1.050699621961773
1041,1.056136430257949
1042,1.044259176985422
1043,1.040404985405011
1044,1.0446489899870863
1045,1.0342489016003564
1046,1.0464718697346602
1047,1.0418018246582679
1048,1.030383259143292
1049,1.0509803020306865
1050,1.0517371542319043
1051,1.0541970636027618
1052,1.0571245119506743
1053,1.048976835756102
1054,1.0572435986018522
1055,1.0656792438830476
1056,1.0412960555002273
1057,1.0344489256264717
1058,1.0364821998847111
1059,1.053510644979507
1060,1.0645065270898466
1061,1.0699505055345062
1062,1.0533153068790246
1063,1.0123059684310967
1064,1.0340795581086568
1065,1.063353642590564
1066,1.0
1067,1.064341319388274
1068,1.0456677544130712
1069,1.0544569130474488
1070,1.0537410727472734
1071,1.0791600681539297
1072,1.108727930801617
1073,1.0
1074,1.0700789854283683
1075,1.0613938649010835
1076,1.0284358746790125
1077,1.0452666308170995
1078,1.0455028324573903
1079,1.0671144958648113
1080,1.0505035732510737
1081,1.0360777739035891
1082,1.0163157780539562
1083,1.0752442368629775
1084,1.0267782804183327
1085,1.0608768167798106
1086,1.0626882301891747
1087,1.0460056998408227
1088,1.0522745442829562
1089,1.0488141082485816
1090,1.05648175965546
1091,1.0297451060737375
1092,1.0504798196328364
1093,1.0480063175718404
1094,1.051760670096066
1095,1.0700438667552126
1096,1.061551568268917
1097,1.045468287502433
1098,1.0347599561662542
1099,1.0572552596727813
1100,1.0415914154748396
1101,1.0509916001702186
1102,1.0582013245958837
1103,1.030971370389032
1104,1.0488326581968526
1105,1.0494417264057685
1106,1.046159786536527
1107,1.053275631211859
1108,1.0403606663158889
1109,1.0551442002813196
1110,1.0618175188025873
1111,1.0612915358136554
1112,1.046078413898831
1113,1.0409633291216378
1114,1.0375896780414153
1115,1.0455315611407265
1116,1.0403599213871044
1117,1.0293113409899821
1118,1.0390502780591506
1119,1.0325162601021094
1120,1.07594783420074
1121,1.0697785377917448
1122,1.0574105194769716
1123,1.0420869590784954
1124,1.0574467128184168
1125,1.0395198915300075
1126,1.0861880760980842
1127,1.0606146942888386
1128,1.099983983242351
1129,1.0871439930968294
1130,1.0874395391932865
1131,1.0
1132,1.0
1133,1.0944313641881416
1134,1.053843218691655
1135,1.070997198027012
1136,1.0713380441780702
1137,1.0689680609087393
1138,1.0627874373914015
1139,1.0599138217098798
1140,1.0651137671784603
1141,1.0477843316612911
1142,1.0533544621910933
1143,1.0588142258927793
1144,1.0579829475369522
1145,1.0718078266442688
1146,1.0716163792464688
1147,1.0418019189201906
1148,1.0437312496244022
1149,1.0605374459164365
1150,1.0511461456502804
1151,1.0388443323047576
1152,1.049766389810652
1153,1.0563888560089139
1154,1.057390417152643
1155,1.0388699729925115
1156,1.0457716123655008
1157,1.0391226182705915
1158,1.0611640137748588
1159,1.0443011999850023
1160,1.0551297600606449
1161,1.0559974259208582
1162,1.0776978998720128
1163,1.0802542147214278
1164,1.0498861633777676
1165,1.0424851114024718
1166,1.059456450519459
1167,1.0490206225062502
1168,1.0530185850532094
1169,1.0468167552184096
1170,1.057846946125006
1171,1.034218874809211
1172,1.0284647599680772
1173,1.053079387919162
1174,1.036569349386977
1175,1.0554755594416754
1176,1.0621284582233292
1177,1.0636787748717005
1178,1.0604241004106292
1179,1.0514917993751782
1180,1.043830689265355
1181,1.0504293756968959
1182,1.0355257598006773
1183,1.1059374419226773
1184,1.0435067273113254
1185,1.1144501801231796
1186,1.0571284378344827
1187,1.0582427826566112
1188,1.0744181848903451
1189,1.1110136828395398
1190,1.0
1191,1.0
1192,1.029438918973189
1193,1.04280902371435
1194,1.0256051262368353
1195,1.0339096346654888
1196,1.0874859785714772
1197,1.058621489867726
1198,1.0764555121982577
1199,1.0587054940812302
1200,1.0756517683697826
1201,1.053592778923506
1202,1.0643917453483582
1203,1.0524031109303653
1204,1.054836291267288
1205,1.0516074892405558
1206,1.0570629675853735
1207,1.044151380379382
1208,1.0612161567043685
1209,1.0242616320508247
1210,1.0551982317600834
1211,1.039395020039192
1212,1.050707059902879
1213,1.0320764573922454
1214,1.0511356184636116
1215,1.047879946860368
1216,1.065739419023961
1217,1.0556482746523688
1218,1.062477497678444
1219,1.0636336007286453
1220,1.0618769693357897
1221,1.0575490963626994
1222,1.0505660138974908
1223,1.0410205287624035
1224,1.0700724384548201
1225,1.0577015432083137
1226,1.0511891614075994
1227,1.0583413514415398
1228,1.0463144527546142
1229,1.0655385723870547
1230,1.0684046435915175
1231,1.022792155698235
1232,1.0489339972439127
1233,1.0607234055506864
1234,1.051865967850619
1235,1.0435282417386151
1236,1.0851934619729025
1237,1.0870967279622559
1238,1.0568645686118372
1239,1.080095426037589
1240,1.0698832316139955
1241,1.038878559661395
1242,1.069144329977013
1243,1.1105567908090044
1244,1.0
1245,1.1174202489747036
1246,1.057136577160041
1247,1.0
1248,1.112219788764471
1249,1.0629109888819177
1250,1.0429313794603687
1251,1.0504562576404388
1252,1.0807188680824873
1253,1.0278729246944374
1254,1.057270403111341
1255,1.044184275023507
1256,1.054633046186327
1257,1.0549867129319945
1258,1.0501402021163966
1259,1.0750804985959028
1260,1.0259938265175579
1261,1.0518744461365286
1262,1.0683509797798556
1263,1.0606209842532925
1264,1.046579805511789
1265,1.0524898478897131
1266,1.0603781010390745
1267,1.04944228945952
1268,1.0499833749090128
1269,1.0464903435853987
1270,1.0521412395533825
1271,1.097866942753359
1272,1.0527438908539568
1273,1.0445797921444862
1274,1.0404175230277966
1275,1.0446643967297056
1276,1.065083968870124
1277,1.0473877543295684
1278,1.051925207198003
1279,1.0641909161240808
1280,1.0551328848073367
1281,1.083451090789118
1282,1.059655005779138
1283,1.0685080138903382
1284,1.0818408078071777
1285,1.0651707344503025
1286,1.0689540778197792
1287,1.0527769007499235
1288,1.0724899441278941
1289,1.0762653184303823
1290,1.0654549789020484
1291,1.051698361203069
1292,1.0616906960905905
1293,1.0703909967400016
1294,1.0846982101272127
1295,1.0
1296,1.0
1297,1.081547802949003
1298,1.0568609330768464
1299,1.0252149406682385
1300,1.1146448650042606
1301,1.0654118078006503
1302,1.0591822167490865
1303,1.0294023184180165
1304,1.0785436235282242
1305,1.0939475670960392
1306,1.072570300142321
1307,1.0595880953526415
1308,1.0307965727902353
1309,1.040091802819602
1310,1.0721787141165737
1311,1.0499500551885894
1312,1.0499079703377527
1313,1.0424843059450473
1314,1.0431335594478124
1315,1.0464372756963987
1316,1.063685228659284
1317,1.041367295462863
1318,1.042846321581012
1319,1.0289454942977652
1320,1.049646562846749
1321,1.0702242918514806
1322,1.0859375460371357
1323,1.0445319160260478
1324,1.0533844260260146
1325,1.045206225762023
1326,1.0656324423441936
1327,1.0625065133583398
1328,1.0405600661841397
1329,1.049325641469004
1330,1.042905919454474
1331,1.0637611553620763
1332,1.0386049361277803
1333,1.047487779217808
1334,1.0668889531323675
1335,1.0792860326208302
1336,1.0714217764388376
1337,1.0699739023106347
1338,1.0298713421981858
1339,1.085751548831627
1340,1.0617186644293766
1341,1.0811444857651398
1342,1.079155786975257
1343,1.0599121517809773
1344,1.0659385536120454
1345,1.0
1346,1.0
1347,1.1099720090286609
1348,1.066098854404583
1349,1.0297281300819148
1350,1.0413733125557454
1351,1.0454323949220103
1352,1.0481222207583378
1353,1.0204401813921016
1354,1.0342895826954728
1355,1.0858314305891223
1356,1.086146311534699
1357,1.0534693498215113
1358,1.048081778392996
1359,1.0620699895722765
1360,1.0506312025403608
1361,1.0380757277255324
1362,1.0556206246251114
1363,1.0497888391234642
1364,1.0705095128918558
1365,1.0647221825488942
1366,1.0667343773648983
1367,1.0501304514947147
1368,1.041956688042617
1369,1.0471035096853158
1370,1.0432448041342302
1371,1.0600348480496689
1372,1.0647537697661822
1373,1.0505905069611214
1374,1.0804474807508957
1375,1.062501357104308
1376,1.0504564352405317
1377,1.0599216390005408
1378,1.0319909140391237
1379,1.0399160304951955
1380,1.0876592936921308
1381,1.0490906746105901
1382,1.0368743205509798
1383,1.0600531486494187
1384,1.060117332394035
1385,1.0740172844908715
1386,1.0392380426099646
1387,1.0566638427666537
1388,1.0844326856444784
1389,1.0568553509944
1390,1.0308779197064857
1391,1.071179323373221
1392,1.051979171133814
1393,1.040952951082613
1394,1.0647192112987074
1395,1.0
1396,1.0
1397,1.1100330602745687
1398,1.0564464689298232
1399,1.0317072862178864
1400,1.0462788049466099
1401,1.0448315599532934
1402,1.0861684346073381
1403,1.0466072566796614
1404,1.0233464569600557
1405,1.0569773773706377
1406,1.0970091643106938
1407,1.0536433944943446
1408,1.0761602261565089
1409,1.0187745008657647
1410,1.0548618698465693
1411,1.04883901596898
1412,1.057555344267731
1413,1.0367338122464507
1414,1.0533279372681388
1415,1.0580481922163374
1416,1.0532179442916787
1417,1.0509864517639438
1418,1.0533017226636363
1419,1.0457583393112322
1420,1.0615339231694678
1421,1.0537802471664153
1422,1.0626784872576027
1423,1.0513684177576093
1424,1.0472938434901085
1425,1.0386859000643527
1426,1.0360293624671915
1427,1.0633219821765363
1428,1.0447856054545654
1429,1.0390451692576974
1430,1.0413164368358907
1431,1.0449142015811863
1432,1.0823557691367067
1433,1.065397361367218
1434,1.0445414711623802
1435,1.0595793274356393
1436,1.076286820270431
1437,1.0496560713440894
1438,1.0625044338245178
1439,1.0234430005732713
1440,1.0681277933209656
1441,1.0727405085220298
1442,1.0157811551593654
1443,1.0891542046167189
1444,1.095290002477918
1445,1.0
1446,1.0
1447,1.0565652870861306
1448,1.045395959368622
1449,1.0
1450,1.0577686365350008
1451,1.054448533965046
1452,1.063939554819013
1453,1.0660112778718345
1454,1.0528495456856
1455,1.0622288647385185
1456,1.0552701378489762
1457,1.0554140379550183
1458,1.0507469439721138
1459,1.063808864050616
1460,1.0527660394596523
1461,1.0368819912417553
1462,1.0703597241753702
1463,1.0327257459640484
1464,1.0430229237069708
1465,1.052080083048345
1466,1.0672902587491018
1467,1.0641838786747193
1468,1.0466338020574817
1469,1.055231119489736
1470,1.0464883234626652
1471,1.0663866667601958
1472,1.0489191914043265
1473,1.0645599189076236
1474,1.0543715209371645
1475,1.0517457888745037
1476,1.0403094635061019
1477,1.064728697812469
1478,1.0475751734748733
1479,1.0621633494567446
1480,1.043659570955127
1481,1.0289902366287305
1482,1.036200783232967
1483,1.0528723570424108
1484,1.0552697772094726
1485,1.047336867247365
1486,1.0443344762338054
1487,1.0287284831852053
1488,1.0762156817044404
1489,1.0112993929710377
1490,1.0647070379917865
1491,1.057528369858856
1492,1.0681799252293798
1493,1.0786343445548334
1494,1.0
1495,1.0833228286088383
1496,1.1166406138455314
1497,1.0309248552880783
1498,1.0751515192897354
1499,1.0867654511599087
1500,1.0575303023689775
1501,1.0964399269598206
1502,1.0433023997330526
1503,1.0575332559778146
1504,1.0970633636074185
1505,1.057624183043599
1506,1.060027540807764
1507,1.0651343215410618
1508,1.0315909493041595
1509,1.0754067363454531
1510,1.0799189508457891
1511,1.0483663949752338
1512,1.0450349584236285
1513,1.0536931968297238
1514,1.0516034001180445
1515,1.0266884503361486
1516,1.0225285119667495
1517,1.0630305886860751
1518,1.0466369351368592
1519,1.0637527315909763
1520,1.0365962931627455
1521,1.0422465211051712
1522,1.0542613205196496
1523,1.0764971800978183
1524,1.0573336421771782
1525,1.070400887189672
1526,1.0649016989570954
1527,1.080933617977107
1528,1.0555804156349375
1529,1.0438442251024866
1530,1.0574731038937097
1531,1.054302908552134
1532,1.0378500855589603
1533,1.048657514933145
1534,1.032240025853805
1535,1.0448719273226004
1536,1.0384592083964543
1537,1.0475256313683188
1538,1.0680571757044395
1539,1.03562250314425
1540,1.0395738161800354
1541,1.0402430414652686
1542,1.0547924002520284
1543,1.0429282985196966
1544,1.0721357456789504
1545,1.0392058410647182
1546,1.0706506319759328
1547,1.070389771895558
1548,1.071212001071362
1549,1.0586661075578077
1550,1.0851413308537665
1551,1.0
1552,1.060265151976161
1553,1.0923844379286234
1554,1.0932310333505244
1555,1.0698510321594092
1556,1.060304830227328
1557,1.0195703900956208
1558,1.0611315022103855
1559,1.0606690819317468
1560,1.0931509101867458
1561,1.041295673467465
1562,1.033680979222885
1563,1.0523393146747404
1564,1.0930411012901253
1565,1.0677523934877144
1566,1.031873798814166
1567,1.0396791049574199
1568,1.0602271296787265
1569,1.062856217319633
1570,1.044584531989995
1571,1.0645095224069492
1572,1.0733745081525217
1573,1.051917549512925
1574,1.0463532938264584
1575,1.053775212384274
1576,1.0464839291137331
1577,1.044356286526069
1578,1.074050380980335
1579,1.072355776240899
1580,1.0629260087785877
1581,1.0598866459159562
1582,1.0616071430430036
1583,1.0625186594618257
1584,1.0648940211697997
1585,1.0523209965276077
1586,1.0368242281217372
1587,1.0497546643812132
1588,1.063091337142383
1589,1.0538604522527213
1590,1.0571162537796703
1591,1.0502446356054702
1592,1.0443781772277352
1593,1.0428000247634237
1594,1.04140096796921
1595,1.0452769300777474
1596,1.0723170410232437
1597,1.0482310155116175
1598,1.067250815891547
1599,1.042098428401151
1600,1.0805779519274357
1601,1.0523423367370208
1602,1.0536457614707215
1603,1.0878501818244615
1604,1.0564973067846573
1605,1.0360139348702437
1606,1.0692689777451767
1607,1.0857498004274784
1608,1.0171316115862277
1609,1.0
1610,1.0
1611,1.0703385864210424
1612,1.0752504459061716
1613,1.014149622247532
1614,1.0392081891130973
1615,1.0842190385234565
1616,1.0395240776479353
1617,1.0448007966200308
1618,1.025815024501904
1619,1.0398484786198798
1620,1.0574447258315331
1621,1.075114452362554
1622,1.0520177188260913
1623,1.0338796585972996
1624,1.0598785725270046
1625,1.0383920955354262
1626,1.067965666957725
1627,1.038659344295266
1628,1.0492740104141294
1629,1.0619171193342176
1630,1.0538907788093939
1631,1.0340457231082587
1632,1.0352053533874546
1633,1.059296409635492
1634,1.047661699297913
1635,1.0339019670541814
1636,1.0449707777036636
1637,1.047623502794728
1638,1.0540096001757517
1639,1.0394471872037436
1640,1.0446970071529489
1641,1.0570226830942844
1642,1.0660018020072741
1643,1.0453534251309002
1644,1.0431878993485733
1645,1.0502631941442127
1646,1.0544226893770372
1647,1.036903651282348
1648,1.0409783269768789
1649,1.0425630324345336
1650,1.058889998346484
1651,1.0643759825674375
1652,1.046437270952635
1653,1.0813574302167155
1654,1.0576113006766177
1655,1.0679366694774142
1656,1.05176045826519
1657,1.056026575379788
1658,1.0662531902921712
1659,1.0442703178575954
1660,1.0803808956927514
1661,1.0535918736697014
1662,1.075128452608233
1663,1.0751482840454964
1664,1.0632554697602756
1665,1.0570943373013255
1666,1.0842755841109977
1667,1.0707519718912104
1668,1.0227237018566449
1669,1.0
1670,1.074894860998522
1671,1.0756322674283776
1672,1.0618969003889513
1673,1.0395151795711037
1674,1.062307971702166
1675,1.0864020262130427
1676,1.0610052816311093
1677,1.0994174540350596
1678,1.071945799852578
1679,1.0585750471554023
1680,1.0368083318519246
1681,1.0900684161881729
1682,1.0435313615694444
1683,1.027610482578639
1684,1.0627765976475405
1685,1.0534839382634982
1686,1.0391403302152824
1687,1.0248321661597277
1688,1.060892699862218
1689,1.0347453444939905
1690,1.0524129509724702
1691,1.0617829390983973
1692,1.0377134841873745
1693,1.0584083173426857
1694,1.067280063455984
1695,1.051547652498851
1696,1.0516739192185798
1697,1.049422063381135
1698,1.0480205797454323
1699,1.0376019772987324
1700,1.0506183628893448
1701,1.0488996015134542
1702,1.0303247351525107
1703,1.0558243027462
1704,1.04157655670851
1705,1.045403583556744
1706,1.0417268757396922
1707,1.039815332966451
1708,1.0675052114732229
1709,1.057527459986116
1710,1.068448409143651
1711,1.0528548323275881
1712,1.0615097758029228
1713,1.0572261436944905
1714,1.046542037891051
1715,1.0623489632070464
1716,1.0478341753613258
1717,1.036835917535295
1718,1.0442445564230238
1719,1.0437554430320988
1720,1.068578357678338
1721,1.0489324837755576
1722,1.1106881581743824
1723,1.0419781143727815
1724,1.0204074587412055
1725,1.0501493478948474
1726,1.0782685596361568
1727,1.0
1728,1.10361899077556
1729,1.0761457019780176
1730,1.092146132655175
1731,1.0614774630698378
1732,1.0
1733,1.0578439090296992
1734,1.0475945276437397
1735,1.0085540374856703
1736,1.0515535578074067
1737,1.051397835106406
1738,1.0690420819291586
1739,1.0334090729344165
1740,1.0652199989834985
1741,1.0510438014601415
1742,1.0560008910801368
1743,1.0387860208819957
1744,1.0633571302624036
1745,1.047862411725094
1746,1.0463085717603218
1747,1.0533979960446147
1748,1.040234076025927
1749,1.043343450915672
1750,1.0525901307897458
1751,1.0536437368959308
1752,1.0544005523206172
1753,1.0562380779145457
1754,1.0303743749534329
1755,1.057992387136939
1756,1.0362217627035302
1757,1.0332619385095607
1758,1.058801425117296
1759,1.053272655480854
1760,1.035592620537196
1761,1.0467291968988748
1762,1.0551616530256482
1763,1.0439384262838514
1764,1.03393045658119
1765,1.052733782395691
1766,1.0615606234944615
1767,1.0533921227832128
1768,1.0463436656239857
1769,1.017122386423493
1770,1.0588831786645951
1771,1.032717694820118
1772,1.0600312227055866
1773,1.0627369280607757
1774,1.0462794694105455
1775,1.0893096157747733
1776,1.0699697734033566
1777,1.0581755957459575
1778,1.0768538484799144
1779,1.0563358352206802
1780,1.037188989704668
1781,1.080208260820491
1782,1.0521633857510078
1783,1.0756548611666035
1784,1.0319726102138396
1785,1.0836334643782362
1786,1.0
1787,1.0
1788,1.0637762246656162
1789,1.0553654952208407
1790,1.0577665807020424
1791,1.0266214006227368
1792,1.07734638790541
1793,1.0355665794599256
1794,1.0634600538502903
1795,1.088668573208958
1796,1.046606018349277
1797,1.085736665230242
1798,1.0534040822825708
1799,1.0436534612549462
1800,1.0697722738652289
1801,1.0725560384277169
1802,1.045401440860609
1803,1.0799525817539415
1804,1.052982846295582
1805,1.0661770843592333
1806,1.0480634548474144
1807,1.0309130064137888
1808,1.051031868368634
1809,1.019054032178123
1810,1.0545266559614836
1811,1.0537092981288119
1812,1.0413630779763916
1813,1.0505845558633038
1814,1.0641091782093963
1815,1.0596067527369173
1816,1.0353438801609163
1817,1.0473763830178968
1818,1.03767271897786
1819,1.046819257362168
1820,1.050582045633163
1821,1.044788519443347
1822,1.040557488146815
1823,1.0185904503155843
1824,1.035649439605944
1825,1.0624209450570161
1826,1.0370894068506735
1827,1.0336773164308173
1828,1.0389967773628368
1829,1.0304902164097929
1830,1.0484129228879482
1831,1.0317705324911206
1832,1.078531359162972
1833,1.047779095878854
1834,1.042048648583328
1835,1.057751659825609
1836,1.0618364572914791
1837,1.0400956502766041
1838,1.1129341886053896
1839,1.05065983156947
1840,1.067591975881903
1841,1.0778316452252408
1842,1.0543462175484168
1843,1.0242445599792758
1844,1.0397487385108748
1845,1.0
1846,1.0
1847,1.0877613721717805
1848,1.05889456373137
1849,1.1226018434491833
1850,1.0733043790411294
1851,1.0276676788214192
1852,1.0438011110210401
1853,1.0980923345233757
1854,1.0633799751965536
1855,1.071507504883678
1856,1.039027805622691
1857,1.0839419769772856
1858,1.0541977242150924
1859,1.0330354393147465
1860,1.0786000770713562
1861,1.03939040212669
1862,1.0374218177049543
1863,1.0325948584459879
1864,1.0413833034653737
1865,1.02869815062532
1866,1.042604101027893
1867,1.0305047250933235
1868,1.032744168768011
1869,1.044031063196685
1870,1.0439989715941769
1871,1.041972277739989
1872,1.0616193297924432
1873,1.0480043449400211
1874,1.053246479328435
1875,1.0489777966187257
1876,1.050286697051128
1877,1.035949068232831
1878,1.0631646762093985
1879,1.0450732611727183
1880,1.0334092769024237
1881,1.0748693419811999
1882,1.031107398513225
1883,1.0434432465439256
1884,1.0538729209824895
1885,1.066583542773348
1886,1.055576260274757
1887,1.051418526314857
1888,1.051448240718208
1889,1.0419853185776617
1890,1.0583147165380287
1891,1.0735085757641618
1892,1.0874880319616884
1893,1.0653959755595312
1894,1.0597470799967343
1895,1.0606205829397226
1896,1.064739358458964
1897,1.0557530624533331
1898,1.036660066958015
1899,1.0382487272967096
1900,1.059620683262643
1901,1.0
1902,1.0483201873635584
1903,1.0
1904,1.017238265581603
1905,1.0813771495338051
1906,1.0767470741528111
1907,1.0398783999813703
1908,1.0476675234875803
1909,1.0743315329685705
1910,1.068439184725442
1911,1.0655079339039666
1912,1.060431931994543
1913,1.0835573764407724
1914,1.1008942227279765
1915,1.0487828521167974
1916,1.0581035847613733
1917,1.0636012737547902
1918,1.0416364780709289
1919,1.0352352552341737
1920,1.03706657780242
1921,1.0218012197138793
1922,1.0572222416671875
1923,1.0498528248423997
1924,1.0582267131781118
1925,1.059825504478228
1926,1.033081133753703
1927,1.0595019954142968
1928,1.0570173714334807
1929,1.0532941671726508
1930,1.0549225369143667
1931,1.0534996268913794
1932,1.04292166803276
1933,1.0390561068352255
1934,1.0503512919807174
1935,1.0396098710995696
1936,1.0401844041911823
1937,1.065732466614298
1938,1.060444067595533
1939,1.0541211678436277
1940,1.052601465312949
1941,1.0365241961837888
1942,1.0399167867592032
1943,1.061770438668864
1944,1.073209801757169
1945,1.0583499309349764
1946,1.0463594731403445
1947,1.0575596206322195
1948,1.053695023411956
1949,1.088469448851107
1950,1.0545438158763223
1951,1.071249640679957
1952,1.0578562497198105
1953,1.0666621975047974
1954,1.079421924136039
1955,1.068966279030907
1956,1.0469541783431668
1957,1.0679349026290506
1958,1.0574696853666554
1959,1.0
1960,1.0
1961,1.072921366126624
1962,1.0779004983027916
1963,1.0357980443600394
1964,1.087202974797638
1965,1.0734916757151804
1966,1.0788253863459447
1967,1.0874199590105602
1968,1.078892618425978
1969,1.063852206720284
1970,1.04338205375174
1971,1.0478774331750174
1972,1.075061379818193
1973,1.0439346432000474
1974,1.031676989842135
1975,1.0481106836673886
1976,1.065566019385973
1977,1.0516661874727231
1978,1.0602859388603387
1979,1.0489274888602735
1980,1.0611574295956165
1981,1.0504778340214744
1982,1.0403458896101467
1983,1.050916498375781
1984,1.0301366378209396
1985,1.0771433348895445
1986,1.0500846964357167
1987,1.0454288015491873
1988,1.0466840403844038
1989,1.062602671882102
1990,1.0507959531190234
1991,1.0608614256716635
1992,1.044570312627363
1993,1.0481890160997722
1994,1.0372281087286854
1995,1.0640305986671659
1996,1.0541335725475212
1997,1.0395394284252777
1998,1.0714392186786144
1999,1.071104445296861
2000,1.0528915503443053
2001,1.0502468960316869
2002,1.0600356565211282
2003,1.0341209686047328
2004,1.06423194585017
2005,1.065342123122447
2006,1.0887776804025058
2007,1.0964133016155557
2008,1.0866133964499378
2009,1.0532931990003425
2010,1.0432598837652092
2011,1.0418951247382506
2012,1.143846581053506
2013,1.088042306070185
2014,1.0
2015,1.0
2016,1.050652184600519
2017,1.0794790469059559
2018,1.0533995442944037
2019,1.0675624395800904
2020,1.0828904027903394
2021,1.055768344631554
2022,1.0728237957605387
2023,1.0725723326502563
2024,1.067247298570069
2025,1.0435037183032927
2026,1.0666338655182006
2027,1.0829994657886926
2028,1.034551556008057
2029,1.0261825303146714
2030,1.048454108955932
2031,1.0344934745003231
2032,1.0471172645201277
2033,1.0585475239017652
2034,1.0567984638384238
2035,1.0430962814665232
2036,1.035443042511166
2037,1.037191678218797
2038,1.0315909287027965
2039,1.0381981707386019
2040,1.0631988771086953
2041,1.0551275653173307
2042,1.0413279734976622
2043,1.0629827798547282
2044,1.023564372649554
2045,1.0463153783606278
2046,1.0406786732620015
2047,1.0679106510744878
2048,1.0528141572761087
2049,1.0542001397565914
2050,1.065290572214492
2051,1.0677497818566133
2052,1.0439190388946729
2053,1.043636644910024
2054,1.0529835122232212
2055,1.040725946624857
2056,1.0463918511121326
2057,1.0795171963992414
2058,1.072622254717717
2059,1.061813875625388
2060,1.0662899579652019
2061,1.0598584303396308
2062,1.0607613661466684
2063,1.0801887859273829
2064,1.0681554073074446
2065,1.0
2066,1.0747652516102035
2067,1.0365082408340538
2068,1.0823571433189318
2069,1.0
2070,1.0
2071,1.1079480860979658
2072,1.0658900369576139
2073,1.063196420638962
2074,1.0741263538112487
2075,1.0
2076,1.0652825760832776
2077,1.0647372107787672
2078,1.0354942380447036
2079,1.0457085643872257
2080,1.0580758698436121
2081,1.0719619890573708
2082,1.051613618252349
2083,1.0575227094005288
2084,1.0457002642458064
2085,1.0558590879002188
2086,1.076713426040226
2087,1.0704970213951623
2088,1.0292304651364996
2089,1.0236736518616205
2090,1.0729118838523073
2091,1.0650032454203602
2092,1.0466730499387529
2093,1.0593788886632247
2094,1.0592760917065522
2095,1.0646719684464334
2096,1.0324736339946934
2097,1.0545498936069522
2098,1.0712422748081447
2099,1.0513888729723446
2100,1.0432547356461568
2101,1.058167696257069
2102,1.0386642517975637
2103,1.0476475156987737
2104,1.039300860379744
2105,1.043766529218997
2106,1.0413372585457508
2107,1.0385577215607256
2108,1.0736514656175795
2109,1.0313948625991778
2110,1.0367025244846804
2111,1.049705789174571
2112,1.075286674592168
2113,1.0497144819157247
2114,1.063134923279052
2115,1.0615742344014034
2116,1.031024126790124
2117,1.0844894035928012
2118,1.0657457370206882
2119,1.0282849957251734
2120,1.0438333173001384
2121,1.0723471304317715
2122,1.0
2123,1.114921374038789
2124,1.0830712695066291
2125,1.0893504236656788
2126,1.0464097520201916
2127,1.0833101696981164
2128,1.054673206601181
2129,1.0320165828648251
2130,1.0374606369959636
2131,1.0865665090190737
2132,1.0152152173732278
2133,1.0587552109585427
2134,1.042248767496844
2135,1.045134982040375
2136,1.071249785175871
2137,1.0548073146351182
2138,1.0517506487413646
2139,1.0627171770847557
2140,1.0751901987977905
2141,1.0423717640744246
2142,1.0713906413073355
2143,1.0511992529288212
2144,1.0588852186584845
2145,1.074678793331575
2146,1.0624679467160496
2147,1.025004316971767
2148,1.062432312319631
2149,1.0385211827436451
2150,1.0435816448762052
2151,1.0557233761954292
2152,1.0655077986702461
2153,1.0541234950934817
2154,1.0258950165609058
2155,1.038903778944993
2156,1.0516393898859302
2157,1.034445263531146
2158,1.065491523291596
2159,1.0686821803940163
2160,1.0757097136432043
2161,1.0642860452914176
2162,1.05497563763712
2163,1.05491734434092
2164,1.0788860397791504
2165,1.0637383865905123
2166,1.0457150902587984
2167,1.0508531241731138
2168,1.0
2169,1.0235176318575532
2170,1.059604792819463
2171,1.0597093470060306
2172,1.0401020178800957
2173,1.0
2174,1.0
2175,1.0619883575946796
2176,1.0629902136367173
2177,1.0478698037296865
2178,1.0597999194637855
2179,1.0844898793212776
2180,1.0651223356546367
2181,1.0715702035402126
2182,1.067050944337587
2183,1.0398397846604615
2184,1.107794350507203
2185,1.0775076915722308
2186,1.0349616673467115
2187,1.0506330576371612
2188,1.0590713280814215
2189,1.0612981973749505
2190,1.0515430590665533
2191,1.0703099525972948
2192,1.0451743478686004
2193,1.0523987600237321
2194,1.0248641937051124
2195,1.0180065931322353
2196,1.045571494298854
2197,1.0510814348666573
2198,1.059382475324765
2199,1.057103923370236
2200,1.0421045002380571
2201,1.049991177712408
2202,1.050099109641608
2203,1.0537741523208906
2204,1.022672264652225
2205,1.0398515234175565
2206,1.0422330115151388
2207,1.0630298786262486
2208,1.0599653157590145
2209,1.0871075968418213
2210,1.0591115128135342
2211,1.0501870368679962
2212,1.0628962083585598
2213,1.065828884782847
2214,1.0529142937909548
2215,1.0543825817575998
2216,1.061247712781753
2217,1.0382327142966106
2218,1.0088082877249607
2219,1.0427067361785738
2220,1.0828450114178776
2221,1.0666792917609313
2222,1.0
2223,1.0611173717369278
2224,1.0
2225,1.0
2226,1.0562696390043285
2227,1.056247718933514
2228,1.082652109996824
2229,1.0479454198680151
2230,1.0518458290406032
2231,1.0
2232,1.0680996293105889
2233,1.0501297901354563
2234,1.0469247118208451
2235,1.0605175584009765
2236,1.0472348612373623
2237,1.116534857665697
2238,1.0519883434384096
2239,1.057991903216047
2240,1.0886333640784507
2241,1.053669183296054
2242,1.0470790763995002
2243,1.063409038483432
2244,1.0350615624197443
2245,1.049534139178548
2246,1.0566577739733158
2247,1.065775192929706
2248,1.0595715663834988
2249,1.0697344150602963
2250,1.0555297008265494
2251,1.0529671801188922
2252,1.058523970269927
2253,1.0559537661815188
2254,1.0590959817793297
2255,1.0618758537173472
2256,1.052966956247048
2257,1.0635318223126131
2258,1.021900633980046
2259,1.0480692801218074
2260,1.03552904801418
2261,1.0596407091398963
2262,1.0790686994486598
2263,1.041969250928187
2264,1.0848382102134486
2265,1.0219411914175325
2266,1.0444560830481877
2267,1.0548438513441543
2268,1.066029730790185
2269,1.055442435711129
2270,1.110197618848345
2271,1.0698925472680147
2272,1.1028653635173378
2273,1.0
2274,1.0
2275,1.0892073156179152
2276,1.0403199199599986
2277,1.050967659775492
2278,1.0622674156623095
2279,1.081261086805339
2280,1.0764601915022005
2281,1.0470147214258214
2282,1.0919828258542061
2283,1.0504875493707098
2284,1.0783405940320894
2285,1.0700454395718413
2286,1.0612653260267435
2287,1.060249446490241
2288,1.0589137632308918
2289,1.0628126432335339
2290,1.0851054471751498
2291,1.0551579766769434
2292,1.064009291497136
2293,1.044795785226383
2294,1.0524718487956382
2295,1.074910924723181
2296,1.0450715601989802
2297,1.0416738339177027
2298,1.0538612399374818
2299,1.0430801447302804
2300,1.0754581510190528
2301,1.0408809194021038
2302,1.0621119074026408
2303,1.0658612749175296
2304,1.0686310920679705
2305,1.0364533619648866
2306,1.041849886919233
2307,1.032766858761132
2308,1.070726120951261
2309,1.0684829740777426
2310,1.0719420778744615
2311,1.0817103002543027
2312,1.0539935212246416
2313,1.0644372116026752
2314,1.0264836167918734
2315,1.0492544548894878
2316,1.0552731719445276
2317,1.0438588961362627
2318,1.0603582718538176
2319,1.0875060187940022
2320,1.0668655861266
2321,1.1311008018033741
2322,1.0
2323,1.0
2324,1.10913608931565
2325,1.0646551332219811
2326,1.0814896783852193
2327,1.0598017777634479
2328,1.0708672101096643
2329,1.0513831518777037
2330,1.0883391434284013
2331,1.0589934947279775
2332,1.0992098888357076
2333,1.092581031225204
2334,1.0606881633388936
2335,1.0605191149249178
2336,1.0624450421990113
2337,1.0817935474099523
2338,1.0622786549519792
2339,1.0537855157017715
2340,1.0696530488367617
2341,1.0529153960771462
2342,1.0522876289999448
2343,1.0488283117169346
2344,1.0761746734903817
2345,1.066981746253193
2346,1.0681160101374285
2347,1.0322490577592796
2348,1.0629034127545858
2349,1.0445764832149473
2350,1.067425999222391
2351,1.0821542789880079
2352,1.0666654514639116
2353,1.0450056165611805
2354,1.0518738066677542
2355,1.0559432220508427
2356,1.0620838988631691
2357,1.0671271402717013
2358,1.0756290608834151
2359,1.0288229810743887
2360,1.0694872411768572
2361,1.0461535854518427
2362,1.0701712368085925
2363,1.0547087965665924
2364,1.0751018780412467
2365,1.0
2366,1.0539346453265326
2367,1.0916002255117672
2368,1.0801061472145526
2369,1.0802286524398803
2370,1.0
2371,1.0789985208168917
2372,1.1087694427938237
2373,1.0861198779738601
2374,1.0916408715042774
2375,1.0908907905870058
2376,1.0823223524995391
2377,1.077030182633335
2378,1.0646596158199444
2379,1.039899138955829
2380,1.0474696302414312
2381,1.0343724573493909
2382,1.0532642198115099
2383,1.0566961563002983
2384,1.0707259369029343
2385,1.0295821214153755
2386,1.0314427914912485
2387,1.0544601955523685
2388,1.0539145084286536
2389,1.0333873588129563
2390,1.0701525965050387
2391,1.1074238328667891
2392,1.0603911750164756
2393,1.027776610468625
2394,1.055097031446354
2395,1.0414338248794102
2396,1.043576371348626
2397,1.0485700642436542
2398,1.0564924223153789
2399,1.0620934596878808
2400,1.052579540798059
2401,1.0512344986612268
2402,1.0400290944587791
2403,1.0382010580475507
2404,1.0737823829571616
2405,1.0485053529988397
2406,1.0382248489640498
2407,1.0814861350802578
2408,1.0635406236652043
2409,1.051055942933941
2410,1.060148440855425
2411,1.0799157787746192
2412,1.0367878087499456
2413,1.0790530250007044
2414,1.088040903415848
2415,1.078523252357199
2416,1.0
2417,1.0
2418,1.063530368362806
2419,1.067323924595326
2420,1.0579166723494595
2421,1.0411025567893666
2422,1.036649354487171
2423,1.0397823070309817
2424,1.0603082213625543
2425,1.0714338220621302
2426,1.0375055569961469
2427,1.0632574247475803
2428,1.0364137644687659
2429,1.043091541059154
2430,1.0515769275804046
2431,1.0609062261834759
2432,1.106033073878915
2433,1.1128304839535468
2434,1.055552667733722
2435,1.049547756482321
2436,1.0430316119667165
2437,1.063953278023048
2438,1.0796941420272437
2439,1.0599647386863587
2440,1.0368665329306994
2441,1.1054868703725946
2442,1.0734798690511291
2443,1.0828926437920476
2444,1.044484320493672
2445,1.0239874806057898
2446,1.0417695914975544
2447,1.080305660303144
2448,1.0482980630975571
2449,1.0594769885002135
2450,1.0267530604750175
2451,1.0688316878278332
2452,1.1182246660002435
2453,1.036508108569532
2454,1.0844195171881168
2455,1.0
2456,1.0759976761397896
2457,1.0533134281667311
2458,1.0977524432396586
2459,1.0452608994615047
2460,1.0895634281504516
2461,1.0
2462,1.188967675653046
2463,1.125672037559932
2464,1.085374710217783
2465,1.0787950887265934
2466,1.080405918882614
2467,1.090618108030522
2468,1.0
2469,1.072527848414906
2470,1.0260112780004513
2471,1.0573867740366643
2472,1.0519436959821682
2473,1.0301646085076297
2474,1.0661258282783148
2475,1.0771940427523157
2476,1.062026593773025
2477,1.087525277236581
2478,1.0641389888804347
2479,1.0614044018455073
2480,1.032124968291754
2481,1.0663963327616928
2482,1.1047202626803343
2483,1.027946028740682
2484,1.0774816685806965
2485,1.0439055243799578
2486,1.0676090716058075
2487,1.0949913576316233
2488,1.0534709018596586
2489,1.0918084031949715
2490,1.0666561220094921
2491,1.0749852272141653
2492,1.0647615603630365
2493,1.0947459628440805
2494,1.0488561188502565
2495,1.0748899123678355
2496,1.0596114617905512
2497,1.0633589632171079
2498,1.055297771587056
2499,1.0548726186724922
2500,1.078414774809063
2501,1.0774561352749223
2502,1.0596471325690062
2503,1.078051825362699
2504,1.0
2505,1.0
2506,1.0
2507,1.053091833342141
2508,1.0548544462460971
2509,1.0671992230530525
2510,1.0727794929397014
2511,1.0311968315269824
2512,1.088854739922494
2513,1.0806107867800727
2514,1.06947750312483
2515,1.0686349852145114
2516,1.1244528222591934
2517,1.0837835874817854
2518,1.0831089126275073
2519,1.0524102037250296
2520,1.065426815864866
2521,1.0817059603630752
2522,1.0655488147954093
2523,1.0489981865655087
2524,1.0662611678895626
2525,1.0388526709785717
2526,1.0605794137986293
2527,1.0468334347435617
2528,1.0654313203603156
2529,1.0790603062096826
2530,1.0561158599145917
2531,1.0610000053575976
2532,1.058353254524605
2533,1.0573467036916928
2534,1.0740741216937422
2535,1.090749852691357
2536,1.072928328866395
2537,1.0814639455577402
2538,1.083144685238047
2539,1.0725240292499212
2540,1.0613206788839322
2541,1.099015729724853
2542,1.0591928966721658
2543,1.0731889466991082
2544,1.1023917425745
2545,1.0
2546,1.0
2547,1.0
2548,1.1255918623901575
2549,1.083359084146526
2550,1.0718180216523518
2551,1.0638061971177404
2552,1.0832315452591126
2553,1.0405881938550245
2554,1.0546875909309028
2555,1.0721747856994437
2556,1.1010479922753145
2557,1.0539435997486883
2558,1.073030773778087
2559,1.075780261663101
2560,1.0357685599594098
2561,1.0511166422263656
2562,1.0600630200660919
2563,1.0649773837488428
2564,1.0724594660115847
2565,1.0529482342644099
2566,1.0545197515749742
2567,1.1105708391513855
2568,1.0503997614252532
2569,1.0780294266971115
2570,1.0603152238993276
2571,1.0130257021849172
2572,1.0626416885309038
2573,1.047274941479072
2574,1.0814815531721511
2575,1.0606955843134944
2576,1.1064385387166948
2577,1.0
2578,1.0447782038048468
2579,1.032738697786379
2580,1.051813197955604
2581,1.086197378262055
2582,1.0780713873602648
2583,1.0768536579896486
2584,1.0
2585,1.0
2586,1.0
2587,1.0290003296657158
2588,1.0939155831738119
2589,1.0766036943913473
2590,1.048722441337637
2591,1.055889125243857
2592,1.0701213905627291
2593,1.069239199451198
2594,1.0621066005050803
2595,1.0689256773594078
2596,1.0431711406214443
2597,1.0588070293936613
2598,1.063674445623619
2599,1.0351824915063077
2600,1.0225278686857573
2601,1.062735799190085
2602,1.0423268365025775
2603,1.0631046333811593
2604,1.0531902877353032
2605,1.0695783363141809
2606,1.0639455029370877
2607,1.0
2608,1.012123973736602
2609,1.112181663786662
2610,1.0866818577784672
2611,1.052795844716776
2612,1.0764912130540831
2613,1.072624844395143
2614,1.0610381554526755
2615,1.068223682232006
2616,1.0971116861540888
2617,1.0400717590733894
2618,1.0
2619,1.0
2620,1.0
2621,1.0
2622,1.069289541351107
2623,1.0
2624,1.0510468573823188
2625,1.1006531835103424
2626,1.0
2627,1.0739586275492516
2628,1.0570561682728379
2629,1.0442246344425972
2630,1.0274807878089915
2631,1.0697031451120316
2632,1.058047440666953
2633,1.1029575235997604
2634,1.0824700487924488
2635,1.0641693218186408
2636,1.0941544089000532
2637,1.0279282846902318
2638,1.0036365311463389
2639,1.0429167819126615
2640,1.0728877322386123
2641,1.0376273436819063
2642,1.0881798865356556
2643,1.04623556151786
2644,1.0282640624013264
2645,1.0
2646,1.0466600229582452
2647,1.1061700054735988
2648,1.070885577958278
2649,1.1170005190015522
2650,1.0
2651,1.0
2652,1.0630922534201903
2653,1.0534875264383066
2654,1.0806680322285285
2655,1.069490629823901
2656,1.0623955909093803
2657,1.0647887979957258
2658,1.0588838964919434
2659,1.0868652573877435
2660,1.0425448401170823
2661,1.03493856427913
2662,1.080845669187667
2663,1.0944999589973983
2664,1.080223018002898
2665,1.1138151902293651
2666,1.0608656345691498
2667,1.054277904674098
2668,1.0176150368844452
2669,1.0439101056311129
2670,1.0763758258066205
2671,1.048200763573824
2672,1.056955616418223
2673,1.0835283788379926
2674,1.0541153916735926
2675,1.0
2676,1.056087806231876
2677,1.0764469199817737
2678,1.0
2679,1.1474869708179316
2680,1.1327625400016965
2681,1.0839018875248236
2682,1.0735172417202776
2683,1.0801134487889323
2684,1.0617616319797123
2685,1.1010915110859487
2686,1.0431724604126753
2687,1.061020138991228
2688,1.0250160664047019
2689,1.0830651617205813
2690,1.0809404841634485
2691,1.0649189888373383
2692,1.0358027358309423
2693,1.0716415928982408
2694,1.102514835151519
2695,1.0236073404653296
2696,1.0299762559789924
2697,1.045108319413556
2698,1.0
2699,1.0803191072430485
2700,1.09466188420114
2701,1.0469735578751151
2702,1.0
2703,1.0
2704,1.0
2705,1.0239591030859139
2706,1.0721139516326137
2707,1.121649311233154
2708,1.0428872528228503
2709,1.0214515801794113
2710,1.0856320579691083
2711,1.0679913477854863
2712,1.049741632814436
2713,1.0564384908038285
2714,1.0713274143849132
2715,1.076536264594881
2716,1.0434638543751793
2717,1.0926065248650558
2718,1.1089836193960152
2719,1.0966892503196672
2720,1.0563653707270113
2721,1.125752200904349
2722,1.0866686885015715
2723,1.101109056204909
2724,1.0
2725,1.0
2726,1.0
2727,1.0
2728,1.0
2729,1.0992419416724417
2730,1.0
2731,1.0
2732,1.0
2733,1.0937334024239285
2734,1.0
2735,1.0659200074760875
2736,1.0991809459763058
2737,1.1350577749366717
2738,1.0508651010203987
2739,1.0
2740,1.0
