id,x,y
0,-170.034,-616.373
1,-148.78,-616.373
2,-127.525,-616.373
3,-106.271,-616.373
4,-85.017,-616.373
5,-63.763,-616.373
6,-42.508,-616.373
7,-21.254,-616.373
8,0,-616.373
9,21.254,-616.373
10,42.508,-616.373
11,63.763,-616.373
12,85.017,-616.373
13,106.271,-616.373
14,127.525,-616.373
15,148.78,-616.373
16,170.034,-616.373
17,-212.542,-595.119
18,-191.288,-595.119
19,-170.034,-595.119
20,-148.78,-595.119
21,-127.525,-595.119
22,-106.271,-595.119
23,-85.017,-595.119
24,-63.763,-595.119
25,-42.508,-595.119
26,-21.254,-595.119
27,0,-595.119
28,21.254,-595.119
29,42.508,-595.119
30,63.763,-595.119
31,85.017,-595.119
32,106.271,-595.119
33,127.525,-595.119
34,148.78,-595.119
35,170.034,-595.119
36,191.288,-595.119
37,212.542,-595.119
38,-255.051,-573.864
39,-233.797,-573.864
40,-212.542,-573.864
41,-191.288,-573.864
42,-170.034,-573.864
43,-148.78,-573.864
44,-127.525,-573.864
45,-106.271,-573.864
46,-85.017,-573.864
47,-63.763,-573.864
48,-42.508,-573.864
49,-21.254,-573.864
50,0,-573.864
51,21.254,-573.864
52,42.508,-573.864
53,63.763,-573.864
54,85.017,-573.864
55,106.271,-573.864
56,127.525,-573.864
57,148.78,-573.864
58,170.034,-573.864
59,191.288,-573.864
60,212.542,-573.864
61,233.797,-573.864
62,255.051,-573.864
63,-297.559,-552.61
64,-276.305,-552.61
65,-255.051,-552.61
66,-233.797,-552.61
67,-212.542,-552.61
68,-191.288,-552.61
69,-170.034,-552.61
70,-148.78,-552.61
71,-127.525,-552.61
72,-106.271,-552.61
73,-85.017,-552.61
74,-63.763,-552.61
75,-42.508,-552.61
76,-21.254,-552.61
77,0,-552.61
78,21.254,-552.61
79,42.508,-552.61
80,63.763,-552.61
81,85.017,-552.61
82,106.271,-552.61
83,127.525,-552.61
84,148.78,-552.61
85,170.034,-552.61
86,191.288,-552.61
87,212.542,-552.61
88,233.797,-552.61
89,255.051,-552.61
90,276.305,-552.61
91,-318.814,-531.356
92,-297.559,-531.356
93,-276.305,-531.356
94,-255.051,-531.356
95,-233.797,-531.356
96,-212.542,-531.356
97,-191.288,-531.356
98,-170.034,-531.356
99,-148.78,-531.356
100,-127.525,-531.356
101,-106.271,-531.356
102,-85.017,-531.356
103,-63.763,-531.356
104,-42.508,-531.356
105,-21.254,-531.356
106,0,-531.356
107,21.254,-531.356
108,42.508,-531.356
109,63.763,-531.356
110,85.017,-531.356
111,106.271,-531.356
112,127.525,-531.356
113,148.78,-531.356
114,170.034,-531.356
115,191.288,-531.356
116,212.542,-531.356
117,233.797,-531.356
118,255.051,-531.356
119,276.305,-531.356
120,297.559,-531.356
121,318.814,-531.356
122,-361.322,-510.102
123,-340.068,-510.102
124,-318.814,-510.102
125,-297.559,-510.102
126,-276.305,-510.102
127,-255.051,-510.102
128,-233.797,-510.102
129,-212.542,-510.102
130,-191.288,-510.102
131,-170.034,-510.102
132,-148.78,-510.102
133,-127.525,-510.102
134,-106.271,-510.102
135,-85.017,-510.102
136,-63.763,-510.102
137,-42.508,-510.102
138,-21.254,-510.102
139,0,-510.102
140,21.254,-510.102
141,42.508,-510.102
142,63.763,-510.102
143,85.017,-510.102
144,106.271,-510.102
145,127.525,-510.102
146,148.78,-510.102
147,170.034,-510.102
148,191.288,-510.102
149,212.542,-510.102
150,233.797,-510.102
151,255.051,-510.102
152,276.305,-510.102
153,297.559,-510.102
154,318.814,-510.102
155,340.068,-510.102
156,361.322,-510.102
157,-403.831,-488.847
158,-382.576,-488.847
159,-361.322,-488.847
160,-340.068,-488.847
161,-318.814,-488.847
162,-297.559,-488.847
163,-276.305,-488.847
164,-255.051,-488.847
165,-233.797,-488.847
166,-212.542,-488.847
167,-191.288,-488.847
168,-170.034,-488.847
169,-148.78,-488.847
170,-127.525,-488.847
171,-106.271,-488.847
172,-85.017,-488.847
173,-63.763,-488.847
174,-42.508,-488.847
175,-21.254,-488.847
176,0,-488.847
177,21.254,-488.847
178,42.508,-488.847
179,63.763,-488.847
180,85.017,-488.847
181,106.271,-488.847
182,127.525,-488.847
183,148.78,-488.847
184,170.034,-488.847
185,191.288,-488.847
186,212.542,-488.847
187,233.797,-488.847
188,255.051,-488.847
189,276.305,-488.847
190,297.559,-488.847
191,318.814,-488.847
192,340.068,-488.847
193,361.322,-488.847
194,382.576,-488.847
195,403.831,-488.847
196,-425.085,-467.593
197,-403.831,-467.593
198,-382.576,-467.593
199,-361.322,-467.593
200,-340.068,-467.593
201,-318.814,-467.593
202,-297.559,-467.593
203,-276.305,-467.593
204,-255.051,-467.593
205,-233.797,-467.593
206,-212.542,-467.593
207,-191.288,-467.593
208,-170.034,-467.593
209,-148.78,-467.593
210,-127.525,-467.593
211,-106.271,-467.593
212,-85.017,-467.593
213,-63.763,-467.593
214,-42.508,-467.593
215,-21.254,-467.593
216,0,-467.593
217,21.254,-467.593
218,42.508,-467.593
219,63.763,-467.593
220,85.017,-467.593
221,106.271,-467.593
222,127.525,-467.593
223,148.78,-467.593
224,170.034,-467.593
225,191.288,-467.593
226,212.542,-467.593
227,233.797,-467.593
228,255.051,-467.593
229,276.305,-467.593
230,297.559,-467.593
231,318.814,-467.593
232,340.068,-467.593
233,361.322,-467.593
234,382.576,-467.593
235,403.831,-467.593
236,425.085,-467.593
237,-446.339,-446.339
238,-425.085,-446.339
239,-403.831,-446.339
240,-382.576,-446.339
241,-361.322,-446.339
242,-340.068,-446.339
243,-318.814,-446.339
244,-297.559,-446.339
245,-276.305,-446.339
246,-255.051,-446.339
247,-233.797,-446.339
248,-212.542,-446.339
249,-191.288,-446.339
250,-170.034,-446.339
251,-148.78,-446.339
252,-127.525,-446.339
253,-106.271,-446.339
254,-85.017,-446.339
255,-63.763,-446.339
256,-42.508,-446.339
257,-21.254,-446.339
258,0,-446.339
259,21.254,-446.339
260,42.508,-446.339
261,63.763,-446.339
262,85.017,-446.339
263,106.271,-446.339
264,127.525,-446.339
265,148.78,-446.339
266,170.034,-446.339
267,191.288,-446.339
268,212.542,-446.339
269,233.797,-446.339
270,255.051,-446.339
271,276.305,-446.339
272,297.559,-446.339
273,318.814,-446.339
274,340.068,-446.339
275,361.322,-446.339
276,382.576,-446.339
277,403.831,-446.339
278,425.085,-446.339
279,446.339,-446.339
280,-467.593,-425.085
281,-446.339,-425.085
282,-425.085,-425.085
283,-403.831,-425.085
284,-382.576,-425.085
285,-361.322,-425.085
286,-340.068,-425.085
287,-318.814,-425.085
288,-297.559,-425.085
289,-276.305,-425.085
290,-255.051,-425.085
291,-233.797,-425.085
292,-212.542,-425.085
293,-191.288,-425.085
294,-170.034,-425.085
295,-148.78,-425.085
296,-127.525,-425.085
297,-106.271,-425.085
298,-85.017,-425.085
299,-63.763,-425.085
300,-42.508,-425.085
301,-21.254,-425.085
302,0,-425.085
303,21.254,-425.085
304,42.508,-425.085
305,63.763,-425.085
306,85.017,-425.085
307,106.271,-425.085
308,127.525,-425.085
309,148.78,-425.085
310,170.034,-425.085
311,191.288,-425.085
312,212.542,-425.085
313,233.797,-425.085
314,255.051,-425.085
315,276.305,-425.085
316,297.559,-425.085
317,318.814,-425.085
318,340.068,-425.085
319,361.322,-425.085
320,382.576,-425.085
321,403.831,-425.085
322,425.085,-425.085
323,446.339,-425.085
324,467.593,-425.085
325,-488.847,-403.831
326,-467.593,-403.831
327,-446.339,-403.831
328,-425.085,-403.831
329,-403.831,-403.831
330,-382.576,-403.831
331,-361.322,-403.831
332,-340.068,-403.831
333,-318.814,-403.831
334,-297.559,-403.831
335,-276.305,-403.831
336,-255.051,-403.831
337,-233.797,-403.831
338,-212.542,-403.831
339,-191.288,-403.831
340,-170.034,-403.831
341,-148.78,-403.831
342,-127.525,-403.831
343,-106.271,-403.831
344,-85.017,-403.831
345,-63.763,-403.831
346,-42.508,-403.831
347,-21.254,-403.831
348,0,-403.831
349,21.254,-403.831
350,42.508,-403.831
351,63.763,-403.831
352,85.017,-403.831
353,106.271,-403.831
354,127.525,-403.831
355,148.78,-403.831
356,170.034,-403.831
357,191.288,-403.831
358,212.542,-403.831
359,233.797,-403.831
360,255.051,-403.831
361,276.305,-403.831
362,297.559,-403.831
363,318.814,-403.831
364,340.068,-403.831
365,361.322,-403.831
366,382.576,-403.831
367,403.831,-403.831
368,425.085,-403.831
369,446.339,-403.831
370,467.593,-403.831
371,488.847,-403.831
372,-488.847,-382.576
373,-467.593,-382.576
374,-446.339,-382.576
375,-425.085,-382.576
376,-403.831,-382.576
377,-382.576,-382.576
378,-361.322,-382.576
379,-340.068,-382.576
380,-318.814,-382.576
381,-297.559,-382.576
382,-276.305,-382.576
383,-255.051,-382.576
384,-233.797,-382.576
385,-212.542,-382.576
386,-191.288,-382.576
387,-170.034,-382.576
388,-148.78,-382.576
389,-127.525,-382.576
390,-106.271,-382.576
391,-85.017,-382.576
392,-63.763,-382.576
393,-42.508,-382.576
394,-21.254,-382.576
395,0,-382.576
396,21.254,-382.576
397,42.508,-382.576
398,63.763,-382.576
399,85.017,-382.576
400,106.271,-382.576
401,127.525,-382.576
402,148.78,-382.576
403,170.034,-382.576
404,191.288,-382.576
405,212.542,-382.576
406,233.797,-382.576
407,255.051,-382.576
408,276.305,-382.576
409,297.559,-382.576
410,318.814,-382.576
411,340.068,-382.576
412,361.322,-382.576
413,382.576,-382.576
414,403.831,-382.576
415,425.085,-382.576
416,446.339,-382.576
417,467.593,-382.576
418,488.847,-382.576
419,-510.102,-361.322
420,-488.847,-361.322
421,-467.593,-361.322
422,-446.339,-361.322
423,-425.085,-361.322
424,-403.831,-361.322
425,-382.576,-361.322
426,-361.322,-361.322
427,-340.068,-361.322
428,-318.814,-361.322
429,-297.559,-361.322
430,-276.305,-361.322
431,-255.051,-361.322
432,-233.797,-361.322
433,-212.542,-361.322
434,-191.288,-361.322
435,-170.034,-361.322
436,-148.78,-361.322
437,-127.525,-361.322
438,-106.271,-361.322
439,-85.017,-361.322
440,-63.763,-361.322
441,-42.508,-361.322
442,-21.254,-361.322
443,0,-361.322
444,21.254,-361.322
445,42.508,-361.322
446,63.763,-361.322
447,85.017,-361.322
448,106.271,-361.322
449,127.525,-361.322
450,148.78,-361.322
451,170.034,-361.322
452,191.288,-361.322
453,212.542,-361.322
454,233.797,-361.322
455,255.051,-361.322
456,276.305,-361.322
457,297.559,-361.322
458,318.814,-361.322
459,340.068,-361.322
460,361.322,-361.322
461,382.576,-361.322
462,403.831,-361.322
463,425.085,-361.322
464,446.339,-361.322
465,467.593,-361.322
466,488.847,-361.322
467,510.102,-361.322
468,-510.102,-340.068
469,-488.847,-340.068
470,-467.593,-340.068
471,-446.339,-340.068
472,-425.085,-340.068
473,-403.831,-340.068
474,-382.576,-340.068
475,-361.322,-340.068
476,-340.068,-340.068
477,-318.814,-340.068
478,-297.559,-340.068
479,-276.305,-340.068
480,-255.051,-340.068
481,-233.797,-340.068
482,-212.542,-340.068
483,-191.288,-340.068
484,-170.034,-340.068
485,-148.78,-340.068
486,-127.525,-340.068
487,-106.271,-340.068
488,-85.017,-340.068
489,-63.763,-340.068
490,-42.508,-340.068
491,-21.254,-340.068
492,0,-340.068
493,21.254,-340.068
494,42.508,-340.068
495,63.763,-340.068
496,85.017,-340.068
497,106.271,-340.068
498,127.525,-340.068
499,148.78,-340.068
500,170.034,-340.068
501,191.288,-340.068
502,212.542,-340.068
503,233.797,-340.068
504,255.051,-340.068
505,276.305,-340.068
506,297.559,-340.068
507,318.814,-340.068
508,340.068,-340.068
509,361.322,-340.068
510,382.576,-340.068
511,403.831,-340.068
512,425.085,-340.068
513,446.339,-340.068
514,467.593,-340.068
515,488.847,-340.068
516,510.102,-340.068
517,-531.356,-318.814
518,-510.102,-318.814
519,-488.847,-318.814
520,-467.593,-318.814
521,-446.339,-318.814
522,-425.085,-318.814
523,-403.831,-318.814
524,-382.576,-318.814
525,-361.322,-318.814
526,-340.068,-318.814
527,-318.814,-318.814
528,-297.559,-318.814
529,-276.305,-318.814
530,-255.051,-318.814
531,-233.797,-318.814
532,-212.542,-318.814
533,-191.288,-318.814
534,-170.034,-318.814
535,-148.78,-318.814
536,-127.525,-318.814
537,-106.271,-318.814
538,-85.017,-318.814
539,-63.763,-318.814
540,-42.508,-318.814
541,-21.254,-318.814
542,0,-318.814
543,21.254,-318.814
544,42.508,-318.814
545,63.763,-318.814
546,85.017,-318.814
547,106.271,-318.814
548,127.525,-318.814
549,148.78,-318.814
550,170.034,-318.814
551,191.288,-318.814
552,212.542,-318.814
553,233.797,-318.814
554,255.051,-318.814
555,276.305,-318.814
556,297.559,-318.814
557,318.814,-318.814
558,340.068,-318.814
559,361.322,-318.814
560,382.576,-318.814
561,403.831,-318.814
562,425.085,-318.814
563,446.339,-318.814
564,467.593,-318.814
565,488.847,-318.814
566,510.102,-318.814
567,531.356,-318.814
568,-531.356,-297.559
569,-510.102,-297.559
570,-488.847,-297.559
571,-467.593,-297.559
572,-446.339,-297.559
573,-425.085,-297.559
574,-403.831,-297.559
575,-382.576,-297.559
576,-361.322,-297.559
577,-340.068,-297.559
578,-318.814,-297.559
579,-297.559,-297.559
580,-276.305,-297.559
581,-255.051,-297.559
582,-233.797,-297.559
583,-212.542,-297.559
584,-191.288,-297.559
585,-170.034,-297.559
586,-148.78,-297.559
587,-127.525,-297.559
588,-106.271,-297.559
589,-85.017,-297.559
590,-63.763,-297.559
591,-42.508,-297.559
592,-21.254,-297.559
593,0,-297.559
594,21.254,-297.559
595,42.508,-297.559
596,63.763,-297.559
597,85.017,-297.559
598,106.271,-297.559
599,127.525,-297.559
600,148.78,-297.559
601,170.034,-297.559
602,191.288,-297.559
603,212.542,-297.559
604,233.797,-297.559
605,255.051,-297.559
606,276.305,-297.559
607,297.559,-297.559
608,318.814,-297.559
609,340.068,-297.559
610,361.322,-297.559
611,382.576,-297.559
612,403.831,-297.559
613,425.085,-297.559
614,446.339,-297.559
615,467.593,-297.559
616,488.847,-297.559
617,510.102,-297.559
618,531.356,-297.559
619,-552.61,-276.305
620,-531.356,-276.305
621,-510.102,-276.305
622,-488.847,-276.305
623,-467.593,-276.305
624,-446.339,-276.305
625,-425.085,-276.305
626,-403.831,-276.305
627,-382.576,-276.305
628,-361.322,-276.305
629,-340.068,-276.305
630,-318.814,-276.305
631,-297.559,-276.305
632,-276.305,-276.305
633,-255.051,-276.305
634,-233.797,-276.305
635,-212.542,-276.305
636,-191.288,-276.305
637,-170.034,-276.305
638,-148.78,-276.305
639,-127.525,-276.305
640,-106.271,-276.305
641,-85.017,-276.305
642,-63.763,-276.305
643,-42.508,-276.305
644,-21.254,-276.305
645,0,-276.305
646,21.254,-276.305
647,42.508,-276.305
648,63.763,-276.305
649,85.017,-276.305
650,106.271,-276.305
651,127.525,-276.305
652,148.78,-276.305
653,170.034,-276.305
654,191.288,-276.305
655,212.542,-276.305
656,233.797,-276.305
657,255.051,-276.305
658,276.305,-276.305
659,297.559,-276.305
660,318.814,-276.305
661,340.068,-276.305
662,361.322,-276.305
663,382.576,-276.305
664,403.831,-276.305
665,425.085,-276.305
666,446.339,-276.305
667,467.593,-276.305
668,488.847,-276.305
669,510.102,-276.305
670,531.356,-276.305
671,552.61,-276.305
672,-573.864,-255.051
673,-552.61,-255.051
674,-531.356,-255.051
675,-510.102,-255.051
676,-488.847,-255.051
677,-467.593,-255.051
678,-446.339,-255.051
679,-425.085,-255.051
680,-403.831,-255.051
681,-382.576,-255.051
682,-361.322,-255.051
683,-340.068,-255.051
684,-318.814,-255.051
685,-297.559,-255.051
686,-276.305,-255.051
687,-255.051,-255.051
688,-233.797,-255.051
689,-212.542,-255.051
690,-191.288,-255.051
691,-170.034,-255.051
692,-148.78,-255.051
693,-127.525,-255.051
694,-106.271,-255.051
695,-85.017,-255.051
696,-63.763,-255.051
697,-42.508,-255.051
698,-21.254,-255.051
699,0,-255.051
700,21.254,-255.051
701,42.508,-255.051
702,63.763,-255.051
703,85.017,-255.051
704,106.271,-255.051
705,127.525,-255.051
706,148.78,-255.051
707,170.034,-255.051
708,191.288,-255.051
709,212.542,-255.051
710,233.797,-255.051
711,255.051,-255.051
712,276.305,-255.051
713,297.559,-255.051
714,318.814,-255.051
715,340.068,-255.051
716,361.322,-255.051
717,382.576,-255.051
718,403.831,-255.051
719,425.085,-255.051
720,446.339,-255.051
721,467.593,-255.051
722,488.847,-255.051
723,510.102,-255.051
724,531.356,-255.051
725,552.61,-255.051
726,573.864,-255.051
727,-573.864,-233.797
728,-552.61,-233.797
729,-531.356,-233.797
730,-510.102,-233.797
731,-488.847,-233.797
732,-467.593,-233.797
733,-446.339,-233.797
734,-425.085,-233.797
735,-403.831,-233.797
736,-382.576,-233.797
737,-361.322,-233.797
738,-340.068,-233.797
739,-318.814,-233.797
740,-297.559,-233.797
741,-276.305,-233.797
742,-255.051,-233.797
743,-233.797,-233.797
744,-212.542,-233.797
745,-191.288,-233.797
746,-170.034,-233.797
747,-148.78,-233.797
748,-127.525,-233.797
749,-106.271,-233.797
750,-85.017,-233.797
751,-63.763,-233.797
752,-42.508,-233.797
753,-21.254,-233.797
754,0,-233.797
755,21.254,-233.797
756,42.508,-233.797
757,63.763,-233.797
758,85.017,-233.797
759,106.271,-233.797
760,127.525,-233.797
761,148.78,-233.797
762,170.034,-233.797
763,191.288,-233.797
764,212.542,-233.797
765,233.797,-233.797
766,255.051,-233.797
767,276.305,-233.797
768,297.559,-233.797
769,318.814,-233.797
770,340.068,-233.797
771,361.322,-233.797
772,382.576,-233.797
773,403.831,-233.797
774,425.085,-233.797
775,446.339,-233.797
776,467.593,-233.797
777,488.847,-233.797
778,510.102,-233.797
779,531.356,-233.797
780,552.61,-233.797
781,573.864,-233.797
782,-595.119,-212.542
783,-573.864,-212.542
784,-552.61,-212.542
785,-531.356,-212.542
786,-510.102,-212.542
787,-488.847,-212.542
788,-467.593,-212.542
789,-446.339,-212.542
790,-425.085,-212.542
791,-403.831,-212.542
792,-382.576,-212.542
793,-361.322,-212.542
794,-340.068,-212.542
795,-318.814,-212.542
796,-297.559,-212.542
797,-276.305,-212.542
798,-255.051,-212.542
799,-233.797,-212.542
800,-212.542,-212.542
801,-191.288,-212.542
802,-170.034,-212.542
803,-148.78,-212.542
804,-127.525,-212.542
805,-106.271,-212.542
806,-85.017,-212.542
807,-63.763,-212.542
808,-42.508,-212.542
809,-21.254,-212.542
810,0,-212.542
811,21.254,-212.542
812,42.508,-212.542
813,63.763,-212.542
814,85.017,-212.542
815,106.271,-212.542
816,127.525,-212.542
817,148.78,-212.542
818,170.034,-212.542
819,191.288,-212.542
820,212.542,-212.542
821,233.797,-212.542
822,255.051,-212.542
823,276.305,-212.542
824,297.559,-212.542
825,318.814,-212.542
826,340.068,-212.542
827,361.322,-212.542
828,382.576,-212.542
829,403.831,-212.542
830,425.085,-212.542
831,446.339,-212.542
832,467.593,-212.542
833,488.847,-212.542
834,510.102,-212.542
835,531.356,-212.542
836,552.61,-212.542
837,573.864,-212.542
838,595.119,-212.542
839,-595.119,-191.288
840,-573.864,-191.288
841,-552.61,-191.288
842,-531.356,-191.288
843,-510.102,-191.288
844,-488.847,-191.288
845,-467.593,-191.288
846,-446.339,-191.288
847,-425.085,-191.288
848,-403.831,-191.288
849,-382.576,-191.288
850,-361.322,-191.288
851,-340.068,-191.288
852,-318.814,-191.288
853,-297.559,-191.288
854,-276.305,-191.288
855,-255.051,-191.288
856,-233.797,-191.288
857,-212.542,-191.288
858,-191.288,-191.288
859,-170.034,-191.288
860,-148.78,-191.288
861,-127.525,-191.288
862,-106.271,-191.288
863,-85.017,-191.288
864,-63.763,-191.288
865,-42.508,-191.288
866,-21.254,-191.288
867,0,-191.288
868,21.254,-191.288
869,42.508,-191.288
870,63.763,-191.288
871,85.017,-191.288
872,106.271,-191.288
873,127.525,-191.288
874,148.78,-191.288
875,170.034,-191.288
876,191.288,-191.288
877,212.542,-191.288
878,233.797,-191.288
879,255.051,-191.288
880,276.305,-191.288
881,297.559,-191.288
882,318.814,-191.288
883,340.068,-191.288
884,361.322,-191.288
885,382.576,-191.288
886,403.831,-191.288
887,425.085,-191.288
888,446.339,-191.288
889,467.593,-191.288
890,488.847,-191.288
891,510.102,-191.288
892,531.356,-191.288
893,552.61,-191.288
894,573.864,-191.288
895,595.119,-191.288
896,-616.373,-170.034
897,-595.119,-170.034
898,-573.864,-170.034
899,-552.61,-170.034
900,-531.356,-170.034
901,-510.102,-170.034
902,-488.847,-170.034
903,-467.593,-170.034
904,-446.339,-170.034
905,-425.085,-170.034
906,-403.831,-170.034
907,-382.576,-170.034
908,-361.322,-170.034
909,-340.068,-170.034
910,-318.814,-170.034
911,-297.559,-170.034
912,-276.305,-170.034
913,-255.051,-170.034
914,-233.797,-170.034
915,-212.542,-170.034
916,-191.288,-170.034
917,-170.034,-170.034
918,-148.78,-170.034
919,-127.525,-170.034
920,-106.271,-170.034
921,-85.017,-170.034
922,-63.763,-170.034
923,-42.508,-170.034
924,-21.254,-170.034
925,0,-170.034
926,21.254,-170.034
927,42.508,-170.034
928,63.763,-170.034
929,85.017,-170.034
930,106.271,-170.034
931,127.525,-170.034
932,148.78,-170.034
933,170.034,-170.034
934,191.288,-170.034
935,212.542,-170.034
936,233.797,-170.034
937,255.051,-170.034
938,276.305,-170.034
939,297.559,-170.034
940,318.814,-170.034
941,340.068,-170.034
942,361.322,-170.034
943,382.576,-170.034
944,403.831,-170.034
945,425.085,-170.034
946,446.339,-170.034
947,467.593,-170.034
948,488.847,-170.034
949,510.102,-170.034
950,531.356,-170.034
951,552.61,-170.034
952,573.864,-170.034
953,595.119,-170.034
954,616.373,-170.034
955,-616.373,-148.78
956,-595.119,-148.78
957,-573.864,-148.78
958,-552.61,-148.78
959,-531.356,-148.78
960,-510.102,-148.78
961,-488.847,-148.78
962,-467.593,-148.78
963,-446.339,-148.78
964,-425.085,-148.78
965,-403.831,-148.78
966,-382.576,-148.78
967,-361.322,-148.78
968,-340.068,-148.78
969,-318.814,-148.78
970,-297.559,-148.78
971,-276.305,-148.78
972,-255.051,-148.78
973,-233.797,-148.78
974,-212.542,-148.78
975,-191.288,-148.78
976,-170.034,-148.78
977,-148.78,-148.78
978,-127.525,-148.78
979,-106.271,-148.78
980,-85.017,-148.78
981,-63.763,-148.78
982,-42.508,-148.78
983,-21.254,-148.78
984,0,-148.78
985,21.254,-148.78
986,42.508,-148.78
987,63.763,-148.78
988,85.017,-148.78
989,106.271,-148.78
990,127.525,-148.78
991,148.78,-148.78
992,170.034,-148.78
993,191.288,-148.78
994,212.542,-148.78
995,233.797,-148.78
996,255.051,-148.78
997,276.305,-148.78
998,297.559,-148.78
999,318.814,-148.78
1000,340.068,-148.78
1001,361.322,-148.78
1002,382.576,-148.78
1003,403.831,-148.78
1004,425.085,-148.78
1005,446.339,-148.78
1006,467.593,-148.78
1007,488.847,-148.78
1008,510.102,-148.78
1009,531.356,-148.78
1010,552.61,-148.78
1011,573.864,-148.78
1012,595.119,-148.78
1013,616.373,-148.78
1014,-616.373,-127.525
1015,-595.119,-127.525
1016,-573.864,-127.525
1017,-552.61,-127.525
1018,-531.356,-127.525
1019,-510.102,-127.525
1020,-488.847,-127.525
1021,-467.593,-127.525
1022,-446.339,-127.525
1023,-425.085,-127.525
1024,-403.831,-127.525
1025,-382.576,-127.525
1026,-361.322,-127.525
1027,-340.068,-127.525
1028,-318.814,-127.525
1029,-297.559,-127.525
1030,-276.305,-127.525
1031,-255.051,-127.525
1032,-233.797,-127.525
1033,-212.542,-127.525
1034,-191.288,-127.525
1035,-170.034,-127.525
1036,-148.78,-127.525
1037,-127.525,-127.525
1038,-106.271,-127.525
1039,-85.017,-127.525
1040,-63.763,-127.525
1041,-42.508,-127.525
1042,-21.254,-127.525
1043,0,-127.525
1044,21.254,-127.525
1045,42.508,-127.525
1046,63.763,-127.525
1047,85.017,-127.525
1048,106.271,-127.525
1049,127.525,-127.525
1050,148.78,-127.525
1051,170.034,-127.525
1052,191.288,-127.525
1053,212.542,-127.525
1054,233.797,-127.525
1055,255.051,-127.525
1056,276.305,-127.525
1057,297.559,-127.525
1058,318.814,-127.525
1059,340.068,-127.525
1060,361.322,-127.525
1061,382.576,-127.525
1062,403.831,-127.525
1063,425.085,-127.525
1064,446.339,-127.525
1065,467.593,-127.525
1066,488.847,-127.525
1067,510.102,-127.525
1068,531.356,-127.525
1069,552.61,-127.525
1070,573.864,-127.525
1071,595.119,-127.525
1072,616.373,-127.525
1073,-616.373,-106.271
1074,-595.119,-106.271
1075,-573.864,-106.271
1076,-552.61,-106.271
1077,-531.356,-106.271
1078,-510.102,-106.271
1079,-488.847,-106.271
1080,-467.593,-106.271
1081,-446.339,-106.271
1082,-425.085,-106.271
1083,-403.831,-106.271
1084,-382.576,-106.271
1085,-361.322,-106.271
1086,-340.068,-106.271
1087,-318.814,-106.271
1088,-297.559,-106.271
1089,-276.305,-106.271
1090,-255.051,-106.271
1091,-233.797,-106.271
1092,-212.542,-106.271
1093,-191.288,-106.271
1094,-170.034,-106.271
1095,-148.78,-106.271
1096,-127.525,-106.271
1097,-106.271,-106.271
1098,-85.017,-106.271
1099,-63.763,-106.271
1100,-42.508,-106.271
1101,-21.254,-106.271
1102,0,-106.271
1103,21.254,-106.271
1104,42.508,-106.271
1105,63.763,-106.271
1106,85.017,-106.271
1107,106.271,-106.271
1108,127.525,-106.271
1109,148.78,-106.271
1110,170.034,-106.271
1111,191.288,-106.271
1112,212.542,-106.271
1113,233.797,-106.271
1114,255.051,-106.271
1115,276.305,-106.271
1116,297.559,-106.271
1117,318.814,-106.271
1118,340.068,-106.271
1119,361.322,-106.271
1120,382.576,-106.271
1121,403.831,-106.271
1122,425.085,-106.271
1123,446.339,-106.271
1124,467.593,-106.271
1125,488.847,-106.271
1126,510.102,-106.271
1127,531.356,-106.271
1128,552.61,-106.271
1129,573.864,-106.271
1130,595.119,-106.271
1131,616.373,-106.271
1132,-616.373,-85.017
1133,-595.119,-85.017
1134,-573.864,-85.017
1135,-552.61,-85.017
1136,-531.356,-85.017
1137,-510.102,-85.017
1138,-488.847,-85.017
1139,-467.593,-85.017
1140,-446.339,-85.017
1141,-425.085,-85.017
1142,-403.831,-85.017
1143,-382.576,-85.017
1144,-361.322,-85.017
1145,-340.068,-85.017
1146,-318.814,-85.017
1147,-297.559,-85.017
1148,-276.305,-85.017
1149,-255.051,-85.017
1150,-233.797,-85.017
1151,-212.542,-85.017
1152,-191.288,-85.017
1153,-170.034,-85.017
1154,-148.78,-85.017
1155,-127.525,-85.017
1156,-106.271,-85.017
1157,-85.017,-85.017
1158,-63.763,-85.017
1159,-42.508,-85.017
1160,-21.254,-85.017
1161,0,-85.017
1162,21.254,-85.017
1163,42.508,-85.017
1164,63.763,-85.017
1165,85.017,-85.017
1166,106.271,-85.017
1167,127.525,-85.017
1168,148.78,-85.017
1169,170.034,-85.017
1170,191.288,-85.017
1171,212.542,-85.017
1172,233.797,-85.017
1173,255.051,-85.017
1174,276.305,-85.017
1175,297.559,-85.017
1176,318.814,-85.017
1177,340.068,-85.017
1178,361.322,-85.017
1179,382.576,-85.017
1180,403.831,-85.017
1181,425.085,-85.017
1182,446.339,-85.017
1183,467.593,-85.017
1184,488.847,-85.017
1185,510.102,-85.017
1186,531.356,-85.017
1187,552.61,-85.017
1188,573.864,-85.017
1189,595.119,-85.017
1190,616.373,-85.017
1191,-616.373,-63.763
1192,-595.119,-63.763
1193,-573.864,-63.763
1194,-552.61,-63.763
1195,-531.356,-63.763
1196,-510.102,-63.763
1197,-488.847,-63.763
1198,-467.593,-63.763
1199,-446.339,-63.763
1200,-425.085,-63.763
1201,-403.831,-63.763
1202,-382.576,-63.763
1203,-361.322,-63.763
1204,-340.068,-63.763
1205,-318.814,-63.763
1206,-297.559,-63.763
1207,-276.305,-63.763
1208,-255.051,-63.763
1209,-233.797,-63.763
1210,-212.542,-63.763
1211,-191.288,-63.763
1212,-170.034,-63.763
1213,-148.78,-63.763
1214,-127.525,-63.763
1215,-106.271,-63.763
1216,-85.017,-63.763
1217,-63.763,-63.763
1218,63.763,-63.763
1219,85.017,-63.763
1220,106.271,-63.763
1221,127.525,-63.763
1222,148.78,-63.763
1223,170.034,-63.763
1224,191.288,-63.763
1225,212.542,-63.763
1226,233.797,-63.763
1227,255.051,-63.763
1228,276.305,-63.763
1229,297.559,-63.763
1230,318.814,-63.763
1231,340.068,-63.763
1232,361.322,-63.763
1233,382.576,-63.763
1234,403.831,-63.763
1235,425.085,-63.763
1236,446.339,-63.763
1237,467.593,-63.763
1238,488.847,-63.763
1239,510.102,-63.763
1240,531.356,-63.763
1241,552.61,-63.763
1242,573.864,-63.763
1243,595.119,-63.763
1244,616.373,-63.763
1245,-616.373,-42.508
1246,-595.119,-42.508
1247,-573.864,-42.508
1248,-552.61,-42.508
1249,-531.356,-42.508
1250,-510.102,-42.508
1251,-488.847,-42.508
1252,-467.593,-42.508
1253,-446.339,-42.508
1254,-425.085,-42.508
1255,-403.831,-42.508
1256,-382.576,-42.508
1257,-361.322,-42.508
1258,-340.068,-42.508
1259,-318.814,-42.508
1260,-297.559,-42.508
1261,-276.305,-42.508
1262,-255.051,-42.508
1263,-233.797,-42.508
1264,-212.542,-42.508
1265,-191.288,-42.508
1266,-170.034,-42.508
1267,-148.78,-42.508
1268,-127.525,-42.508
1269,-106.271,-42.508
1270,-85.017,-42.508
1271,106.271,-42.508
1272,127.525,-42.508
1273,148.78,-42.508
1274,170.034,-42.508
1275,191.288,-42.508
1276,212.542,-42.508
1277,233.797,-42.508
1278,255.051,-42.508
1279,276.305,-42.508
1280,297.559,-42.508
1281,318.814,-42.508
1282,340.068,-42.508
1283,361.322,-42.508
1284,382.576,-42.508
1285,403.831,-42.508
1286,425.085,-42.508
1287,446.339,-42.508
1288,467.593,-42.508
1289,488.847,-42.508
1290,510.102,-42.508
1291,531.356,-42.508
1292,552.61,-42.508
1293,573.864,-42.508
1294,595.119,-42.508
1295,616.373,-42.508
1296,-616.373,-21.254
1297,-595.119,-21.254
1298,-573.864,-21.254
1299,-552.61,-21.254
1300,-531.356,-21.254
1301,-510.102,-21.254
1302,-488.847,-21.254
1303,-467.593,-21.254
1304,-446.339,-21.254
1305,-425.085,-21.254
1306,-403.831,-21.254
1307,-382.576,-21.254
1308,-361.322,-21.254
1309,-340.068,-21.254
1310,-318.814,-21.254
1311,-297.559,-21.254
1312,-276.305,-21.254
1313,-255.051,-21.254
1314,-233.797,-21.254
1315,-212.542,-21.254
1316,-191.288,-21.254
1317,-170.034,-21.254
1318,-148.78,-21.254
1319,-127.525,-21.254
1320,-106.271,-21.254
1321,-85.017,-21.254
1322,127.525,-21.254
1323,148.78,-21.254
1324,170.034,-21.254
1325,191.288,-21.254
1326,212.542,-21.254
1327,233.797,-21.254
1328,255.051,-21.254
1329,276.305,-21.254
1330,297.559,-21.254
1331,318.814,-21.254
1332,340.068,-21.254
1333,361.322,-21.254
1334,382.576,-21.254
1335,403.831,-21.254
1336,425.085,-21.254
1337,446.339,-21.254
1338,467.593,-21.254
1339,488.847,-21.254
1340,510.102,-21.254
1341,531.356,-21.254
1342,552.61,-21.254
1343,573.864,-21.254
1344,595.119,-21.254
1345,616.373,-21.254
1346,-616.373,0
1347,-595.119,0
1348,-573.864,0
1349,-552.61,0
1350,-531.356,0
1351,-510.102,0
1352,-488.847,0
1353,-467.593,0
1354,-446.339,0
1355,-425.085,0
1356,-403.831,0
1357,-382.576,0
1358,-361.322,0
1359,-340.068,0
1360,-318.814,0
1361,-297.559,0
1362,-276.305,0
1363,-255.051,0
1364,-233.797,0
1365,-212.542,0
1366,-191.288,0
1367,-170.034,0
1368,-148.78,0
1369,-127.525,0
1370,-106.271,0
1371,-85.017,0
1372,127.525,0
1373,148.78,0
1374,170.034,0
1375,191.288,0
1376,212.542,0
1377,233.797,0
1378,255.051,0
1379,276.305,0
1380,297.559,0
1381,318.814,0
1382,340.068,0
1383,361.322,0
1384,382.576,0
1385,403.831,0
1386,425.085,0
1387,446.339,0
1388,467.593,0
1389,488.847,0
1390,510.102,0
1391,531.356,0
1392,552.61,0
1393,573.864,0
1394,595.119,0
1395,616.373,0
1396,-616.373,21.254
1397,-595.119,21.254
1398,-573.864,21.254
1399,-552.61,21.254
1400,-531.356,21.254
1401,-510.102,21.254
1402,-488.847,21.254
1403,-467.593,21.254
1404,-446.339,21.254
1405,-425.085,21.254
1406,-403.831,21.254
1407,-382.576,21.254
1408,-361.322,21.254
1409,-340.068,21.254
1410,-318.814,21.254
1411,-297.559,21.254
1412,-276.305,21.254
1413,-255.051,21.254
1414,-233.797,21.254
1415,-212.542,21.254
1416,-191.288,21.254
1417,-170.034,21.254
1418,-148.78,21.254
1419,-127.525,21.254
1420,-106.271,21.254
1421,-85.017,21.254
1422,127.525,21.254
1423,148.78,21.254
1424,170.034,21.254
1425,191.288,21.254
1426,212.542,21.254
1427,233.797,21.254
1428,255.051,21.254
1429,276.305,21.254
1430,297.559,21.254
1431,318.814,21.254
1432,340.068,21.254
1433,361.322,21.254
1434,382.576,21.254
1435,403.831,21.254
1436,425.085,21.254
1437,446.339,21.254
1438,467.593,21.254
1439,488.847,21.254
1440,510.102,21.254
1441,531.356,21.254
1442,552.61,21.254
1443,573.864,21.254
1444,595.119,21.254
1445,616.373,21.254
1446,-616.373,42.508
1447,-595.119,42.508
1448,-573.864,42.508
1449,-552.61,42.508
1450,-531.356,42.508
1451,-510.102,42.508
1452,-488.847,42.508
1453,-467.593,42.508
1454,-446.339,42.508
1455,-425.085,42.508
1456,-403.831,42.508
1457,-382.576,42.508
1458,-361.322,42.508
1459,-340.068,42.508
1460,-318.814,42.508
1461,-297.559,42.508
1462,-276.305,42.508
1463,-255.051,42.508
1464,-233.797,42.508
1465,-212.542,42.508
1466,-191.288,42.508
1467,-170.034,42.508
1468,-148.78,42.508
1469,-127.525,42.508
1470,-106.271,42.508
1471,-85.017,42.508
1472,106.271,42.508
1473,127.525,42.508
1474,148.78,42.508
1475,170.034,42.508
1476,191.288,42.508
1477,212.542,42.508
1478,233.797,42.508
1479,255.051,42.508
1480,276.305,42.508
1481,297.559,42.508
1482,318.814,42.508
1483,340.068,42.508
1484,361.322,42.508
1485,382.576,42.508
1486,403.831,42.508
1487,425.085,42.508
1488,446.339,42.508
1489,467.593,42.508
1490,488.847,42.508
1491,510.102,42.508
1492,531.356,42.508
1493,552.61,42.508
1494,573.864,42.508
1495,595.119,42.508
1496,616.373,42.508
1497,-616.373,63.763
1498,-595.119,63.763
1499,-573.864,63.763
1500,-552.61,63.763
1501,-531.356,63.763
1502,-510.102,63.763
1503,-488.847,63.763
1504,-467.593,63.763
1505,-446.339,63.763
1506,-425.085,63.763
1507,-403.831,63.763
1508,-382.576,63.763
1509,-361.322,63.763
1510,-340.068,63.763
1511,-318.814,63.763
1512,-297.559,63.763
1513,-276.305,63.763
1514,-255.051,63.763
1515,-233.797,63.763
1516,-212.542,63.763
1517,-191.288,63.763
1518,-170.034,63.763
1519,-148.78,63.763
1520,-127.525,63.763
1521,-106.271,63.763
1522,-85.017,63.763
1523,-63.763,63.763
1524,63.763,63.763
1525,85.017,63.763
1526,106.271,63.763
1527,127.525,63.763
1528,148.78,63.763
1529,170.034,63.763
1530,191.288,63.763
1531,212.542,63.763
1532,233.797,63.763
1533,255.051,63.763
1534,276.305,63.763
1535,297.559,63.763
1536,318.814,63.763
1537,340.068,63.763
1538,361.322,63.763
1539,382.576,63.763
1540,403.831,63.763
1541,425.085,63.763
1542,446.339,63.763
1543,467.593,63.763
1544,488.847,63.763
1545,510.102,63.763
1546,531.356,63.763
1547,552.61,63.763
1548,573.864,63.763
1549,595.119,63.763
1550,616.373,63.763
1551,-616.373,85.017
1552,-595.119,85.017
1553,-573.864,85.017
1554,-552.61,85.017
1555,-531.356,85.017
1556,-510.102,85.017
1557,-488.847,85.017
1558,-467.593,85.017
1559,-446.339,85.017
1560,-425.085,85.017
1561,-403.831,85.017
1562,-382.576,85.017
1563,-361.322,85.017
1564,-340.068,85.017
1565,-318.814,85.017
1566,-297.559,85.017
1567,-276.305,85.017
1568,-255.051,85.017
1569,-233.797,85.017
1570,-212.542,85.017
1571,-191.288,85.017
1572,-170.034,85.017
1573,-148.78,85.017
1574,-127.525,85.017
1575,-106.271,85.017
1576,-85.017,85.017
1577,-63.763,85.017
1578,-42.508,85.017
1579,-21.254,85.017
1580,0,85.017
1581,21.254,85.017
1582,42.508,85.017
1583,63.763,85.017
1584,85.017,85.017
1585,106.271,85.017
1586,127.525,85.017
1587,148.78,85.017
1588,170.034,85.017
1589,191.288,85.017
1590,212.542,85.017
1591,233.797,85.017
1592,255.051,85.017
1593,276.305,85.017
1594,297.559,85.017
1595,318.814,85.017
1596,340.068,85.017
1597,361.322,85.017
1598,382.576,85.017
1599,403.831,85.017
1600,425.085,85.017
1601,446.339,85.017
1602,467.593,85.017
1603,488.847,85.017
1604,510.102,85.017
1605,531.356,85.017
1606,552.61,85.017
1607,573.864,85.017
1608,595.119,85.017
1609,616.373,85.017
1610,-616.373,106.271
1611,-595.119,106.271
1612,-573.864,106.271
1613,-552.61,106.271
1614,-531.356,106.271
1615,-510.102,106.271
1616,-488.847,106.271
1617,-467.593,106.271
1618,-446.339,106.271
1619,-425.085,106.271
1620,-403.831,106.271
1621,-382.576,106.271
1622,-361.322,106.271
1623,-340.068,106.271
1624,-318.814,106.271
1625,-297.559,106.271
1626,-276.305,106.271
1627,-255.051,106.271
1628,-233.797,106.271
1629,-212.542,106.271
1630,-191.288,106.271
1631,-170.034,106.271
1632,-148.78,106.271
1633,-127.525,106.271
1634,-106.271,106.271
1635,-85.017,106.271
1636,-63.763,106.271
1637,-42.508,106.271
1638,-21.254,106.271
1639,0,106.271
1640,21.254,106.271
1641,42.508,106.271
1642,63.763,106.271
1643,85.017,106.271
1644,106.271,106.271
1645,127.525,106.271
1646,148.78,106.271
1647,170.034,106.271
1648,191.288,106.271
1649,212.542,106.271
1650,233.797,106.271
1651,255.051,106.271
1652,276.305,106.271
1653,297.559,106.271
1654,318.814,106.271
1655,340.068,106.271
1656,361.322,106.271
1657,382.576,106.271
1658,403.831,106.271
1659,425.085,106.271
1660,446.339,106.271
1661,467.593,106.271
1662,488.847,106.271
1663,510.102,106.271
1664,531.356,106.271
1665,552.61,106.271
1666,573.864,106.271
1667,595.119,106.271
1668,616.373,106.271
1669,-616.373,127.525
1670,-595.119,127.525
1671,-573.864,127.525
1672,-552.61,127.525
1673,-531.356,127.525
1674,-510.102,127.525
1675,-488.847,127.525
1676,-467.593,127.525
1677,-446.339,127.525
1678,-425.085,127.525
1679,-403.831,127.525
1680,-382.576,127.525
1681,-361.322,127.525
1682,-340.068,127.525
1683,-318.814,127.525
1684,-297.559,127.525
1685,-276.305,127.525
1686,-255.051,127.525
1687,-233.797,127.525
1688,-212.542,127.525
1689,-191.288,127.525
1690,-170.034,127.525
1691,-148.78,127.525
1692,-127.525,127.525
1693,-106.271,127.525
1694,-85.017,127.525
1695,-63.763,127.525
1696,-42.508,127.525
1697,-21.254,127.525
1698,0,127.525
1699,21.254,127.525
1700,42.508,127.525
1701,63.763,127.525
1702,85.017,127.525
1703,106.271,127.525
1704,127.525,127.525
1705,148.78,127.525
1706,170.034,127.525
1707,191.288,127.525
1708,212.542,127.525
1709,233.797,127.525
1710,255.051,127.525
1711,276.305,127.525
1712,297.559,127.525
1713,318.814,127.525
1714,340.068,127.525
1715,361.322,127.525
1716,382.576,127.525
1717,403.831,127.525
1718,425.085,127.525
1719,446.339,127.525
1720,467.593,127.525
1721,488.847,127.525
1722,510.102,127.525
1723,531.356,127.525
1724,552.61,127.525
1725,573.864,127.525
1726,595.119,127.525
1727,616.373,127.525
1728,-616.373,148.78
1729,-595.119,148.78
1730,-573.864,148.78
1731,-552.61,148.78
1732,-531.356,148.78
1733,-510.102,148.78
1734,-488.847,148.78
1735,-467.593,148.78
1736,-446.339,148.78
1737,-425.085,148.78
1738,-403.831,148.78
1739,-382.576,148.78
1740,-361.322,148.78
1741,-340.068,148.78
1742,-318.814,148.78
1743,-297.559,148.78
1744,-276.305,148.78
1745,-255.051,148.78
1746,-233.797,148.78
1747,-212.542,148.78
1748,-191.288,148.78
1749,-170.034,148.78
1750,-148.78,148.78
1751,-127.525,148.78
1752,-106.271,148.78
1753,-85.017,148.78
1754,-63.763,148.78
1755,-42.508,148.78
1756,-21.254,148.78
1757,0,148.78
1758,21.254,148.78
1759,42.508,148.78
1760,63.763,148.78
1761,85.017,148.78
1762,106.271,148.78
1763,127.525,148.78
1764,148.78,148.78
1765,170.034,148.78
1766,191.288,148.78
1767,212.542,148.78
1768,233.797,148.78
1769,255.051,148.78
1770,276.305,148.78
1771,297.559,148.78
1772,318.814,148.78
1773,340.068,148.78
1774,361.322,148.78
1775,382.576,148.78
1776,403.831,148.78
1777,425.085,148.78
1778,446.339,148.78
1779,467.593,148.78
1780,488.847,148.78
1781,510.102,148.78
1782,531.356,148.78
1783,552.61,148.78
1784,573.864,148.78
1785,595.119,148.78
1786,616.373,148.78
1787,-616.373,170.034
1788,-595.119,170.034
1789,-573.864,170.034
1790,-552.61,170.034
1791,-531.356,170.034
1792,-510.102,170.034
1793,-488.847,170.034
1794,-467.593,170.034
1795,-446.339,170.034
1796,-425.085,170.034
1797,-403.831,170.034
1798,-382.576,170.034
1799,-361.322,170.034
1800,-340.068,170.034
1801,-318.814,170.034
1802,-297.559,170.034
1803,-276.305,170.034
1804,-255.051,170.034
1805,-233.797,170.034
1806,-212.542,170.034
1807,-191.288,170.034
1808,-170.034,170.034
1809,-148.78,170.034
1810,-127.525,170.034
1811,-106.271,170.034
1812,-85.017,170.034
1813,-63.763,170.034
1814,-42.508,170.034
1815,-21.254,170.034
1816,0,170.034
1817,21.254,170.034
1818,42.508,170.034
1819,63.763,170.034
1820,85.017,170.034
1821,106.271,170.034
1822,127.525,170.034
1823,148.78,170.034
1824,170.034,170.034
1825,191.288,170.034
1826,212.542,170.034
1827,233.797,170.034
1828,255.051,170.034
1829,276.305,170.034
1830,297.559,170.034
1831,318.814,170.034
1832,340.068,170.034
1833,361.322,170.034
1834,382.576,170.034
1835,403.831,170.034
1836,425.085,170.034
1837,446.339,170.034
1838,467.593,170.034
1839,488.847,170.034
1840,510.102,170.034
1841,531.356,170.034
1842,552.61,170.034
1843,573.864,170.034
1844,595.119,170.034
1845,616.373,170.034
1846,-595.119,191.288
1847,-573.864,191.288
1848,-552.61,191.288
1849,-531.356,191.288
1850,-510.102,191.288
1851,-488.847,191.288
1852,-467.593,191.288
1853,-446.339,191.288
1854,-425.085,191.288
1855,-403.831,191.288
1856,-382.576,191.288
1857,-361.322,191.288
1858,-340.068,191.288
1859,-318.814,191.288
1860,-297.559,191.288
1861,-276.305,191.288
1862,-255.051,191.288
1863,-233.797,191.288
1864,-212.542,191.288
1865,-191.288,191.288
1866,-170.034,191.288
1867,-148.78,191.288
1868,-127.525,191.288
1869,-106.271,191.288
1870,-85.017,191.288
1871,-63.763,191.288
1872,-42.508,191.288
1873,-21.254,191.288
1874,0,191.288
1875,21.254,191.288
1876,42.508,191.288
1877,63.763,191.288
1878,85.017,191.288
1879,106.271,191.288
1880,127.525,191.288
1881,148.78,191.288
1882,170.034,191.288
1883,191.288,191.288
1884,212.542,191.288
1885,233.797,191.288
1886,255.051,191.288
1887,276.305,191.288
1888,297.559,191.288
1889,318.814,191.288
1890,340.068,191.288
1891,361.322,191.288
1892,382.576,191.288
1893,403.831,191.288
1894,425.085,191.288
1895,446.339,191.288
1896,467.593,191.288
1897,488.847,191.288
1898,510.102,191.288
1899,531.356,191.288
1900,552.61,191.288
1901,573.864,191.288
1902,595.119,191.288
1903,-595.119,212.542
1904,-573.864,212.542
1905,-552.61,212.542
1906,-531.356,212.542
1907,-510.102,212.542
1908,-488.847,212.542
1909,-467.593,212.542
1910,-446.339,212.542
1911,-425.085,212.542
1912,-403.831,212.542
1913,-382.576,212.542
1914,-361.322,212.542
1915,-340.068,212.542
1916,-318.814,212.542
1917,-297.559,212.542
1918,-276.305,212.542
1919,-255.051,212.542
1920,-233.797,212.542
1921,-212.542,212.542
1922,-191.288,212.542
1923,-170.034,212.542
1924,-148.78,212.542
1925,-127.525,212.542
1926,-106.271,212.542
1927,-85.017,212.542
1928,-63.763,212.542
1929,-42.508,212.542
1930,-21.254,212.542
1931,0,212.542
1932,21.254,212.542
1933,42.508,212.542
1934,63.763,212.542
1935,85.017,212.542
1936,106.271,212.542
1937,127.525,212.542
1938,148.78,212.542
1939,170.034,212.542
1940,191.288,212.542
1941,212.542,212.542
1942,233.797,212.542
1943,255.051,212.542
1944,276.305,212.542
1945,297.559,212.542
1946,318.814,212.542
1947,340.068,212.542
1948,361.322,212.542
1949,382.576,212.542
1950,403.831,212.542
1951,425.085,212.542
1952,446.339,212.542
1953,467.593,212.542
1954,488.847,212.542
1955,510.102,212.542
1956,531.356,212.542
1957,552.61,212.542
1958,573.864,212.542
1959,595.119,212.542
1960,-573.864,233.797
1961,-552.61,233.797
1962,-531.356,233.797
1963,-510.102,233.797
1964,-488.847,233.797
1965,-467.593,233.797
1966,-446.339,233.797
1967,-425.085,233.797
1968,-403.831,233.797
1969,-382.576,233.797
1970,-361.322,233.797
1971,-340.068,233.797
1972,-318.814,233.797
1973,-297.559,233.797
1974,-276.305,233.797
1975,-255.051,233.797
1976,-233.797,233.797
1977,-212.542,233.797
1978,-191.288,233.797
1979,-170.034,233.797
1980,-148.78,233.797
1981,-127.525,233.797
1982,-106.271,233.797
1983,-85.017,233.797
1984,-63.763,233.797
1985,-42.508,233.797
1986,-21.254,233.797
1987,0,233.797
1988,21.254,233.797
1989,42.508,233.797
1990,63.763,233.797
1991,85.017,233.797
1992,106.271,233.797
1993,127.525,233.797
1994,148.78,233.797
1995,170.034,233.797
1996,191.288,233.797
1997,212.542,233.797
1998,233.797,233.797
1999,255.051,233.797
2000,276.305,233.797
2001,297.559,233.797
2002,318.814,233.797
2003,340.068,233.797
2004,361.322,233.797
2005,382.576,233.797
2006,403.831,233.797
2007,425.085,233.797
2008,446.339,233.797
2009,467.593,233.797
2010,488.847,233.797
2011,510.102,233.797
2012,531.356,233.797
2013,552.61,233.797
2014,573.864,233.797
2015,-573.864,255.051
2016,-552.61,255.051
2017,-531.356,255.051
2018,-510.102,255.051
2019,-488.847,255.051
2020,-467.593,255.051
2021,-446.339,255.051
2022,-425.085,255.051
2023,-403.831,255.051
2024,-382.576,255.051
2025,-361.322,255.051
2026,-340.068,255.051
2027,-318.814,255.051
2028,-297.559,255.051
2029,-276.305,255.051
2030,-255.051,255.051
2031,-233.797,255.051
2032,-212.542,255.051
2033,-191.288,255.051
2034,-170.034,255.051
2035,-148.78,255.051
2036,-127.525,255.051
2037,-106.271,255.051
2038,-85.017,255.051
2039,-63.763,255.051
2040,-42.508,255.051
2041,-21.254,255.051
2042,0,255.051
2043,21.254,255.051
2044,42.508,255.051
2045,63.763,255.051
2046,85.017,255.051
2047,106.271,255.051
2048,127.525,255.051
2049,148.78,255.051
2050,170.034,255.051
2051,191.288,255.051
2052,212.542,255.051
2053,233.797,255.051
2054,255.051,255.051
2055,276.305,255.051
2056,297.559,255.051
2057,318.814,255.051
2058,340.068,255.051
2059,361.322,255.051
2060,382.576,255.051
2061,403.831,255.051
2062,425.085,255.051
2063,446.339,255.051
2064,467.593,255.051
2065,488.847,255.051
2066,510.102,255.051
2067,531.356,255.051
2068,552.61,255.051
2069,573.864,255.051
2070,-552.61,276.305
2071,-531.356,276.305
2072,-510.102,276.305
2073,-488.847,276.305
2074,-467.593,276.305
2075,-446.339,276.305
2076,-425.085,276.305
2077,-403.831,276.305
2078,-382.576,276.305
2079,-361.322,276.305
2080,-340.068,276.305
2081,-318.814,276.305
2082,-297.559,276.305
2083,-276.305,276.305
2084,-255.051,276.305
2085,-233.797,276.305
2086,-212.542,276.305
2087,-191.288,276.305
2088,-170.034,276.305
2089,-148.78,276.305
2090,-127.525,276.305
2091,-106.271,276.305
2092,-85.017,276.305
2093,-63.763,276.305
2094,-42.508,276.305
2095,-21.254,276.305
2096,0,276.305
2097,21.254,276.305
2098,42.508,276.305
2099,63.763,276.305
2100,85.017,276.305
2101,106.271,276.305
2102,127.525,276.305
2103,148.78,276.305
2104,170.034,276.305
2105,191.288,276.305
2106,212.542,276.305
2107,233.797,276.305
2108,255.051,276.305
2109,276.305,276.305
2110,297.559,276.305
2111,318.814,276.305
2112,340.068,276.305
2113,361.322,276.305
2114,382.576,276.305
2115,403.831,276.305
2116,425.085,276.305
2117,446.339,276.305
2118,467.593,276.305
2119,488.847,276.305
2120,510.102,276.305
2121,531.356,276.305
2122,552.61,276.305
2123,-531.356,297.559
2124,-510.102,297.559
2125,-488.847,297.559
2126,-467.593,297.559
2127,-446.339,297.559
2128,-425.085,297.559
2129,-403.831,297.559
2130,-382.576,297.559
2131,-361.322,297.559
2132,-340.068,297.559
2133,-318.814,297.559
2134,-297.559,297.559
2135,-276.305,297.559
2136,-255.051,297.559
2137,-233.797,297.559
2138,-212.542,297.559
2139,-191.288,297.559
2140,-170.034,297.559
2141,-148.78,297.559
2142,-127.525,297.559
2143,-106.271,297.559
2144,-85.017,297.559
2145,-63.763,297.559
2146,-42.508,297.559
2147,-21.254,297.559
2148,0,297.559
2149,21.254,297.559
2150,42.508,297.559
2151,63.763,297.559
2152,85.017,297.559
2153,106.271,297.559
2154,127.525,297.559
2155,148.78,297.559
2156,170.034,297.559
2157,191.288,297.559
2158,212.542,297.559
2159,233.797,297.559
2160,255.051,297.559
2161,276.305,297.559
2162,297.559,297.559
2163,318.814,297.559
2164,340.068,297.559
2165,361.322,297.559
2166,382.576,297.559
2167,403.831,297.559
2168,425.085,297.559
2169,446.339,297.559
2170,467.593,297.559
2171,488.847,297.559
2172,510.102,297.559
2173,531.356,297.559
2174,-531.356,318.814
2175,-510.102,318.814
2176,-488.847,318.814
2177,-467.593,318.814
2178,-446.339,318.814
2179,-425.085,318.814
2180,-403.831,318.814
2181,-382.576,318.814
2182,-361.322,318.814
2183,-340.068,318.814
2184,-318.814,318.814
2185,-297.559,318.814
2186,-276.305,318.814
2187,-255.051,318.814
2188,-233.797,318.814
2189,-212.542,318.814
2190,-191.288,318.814
2191,-170.034,318.814
2192,-148.78,318.814
2193,-127.525,318.814
2194,-106.271,318.814
2195,-85.017,318.814
2196,-63.763,318.814
2197,-42.508,318.814
2198,-21.254,318.814
2199,0,318.814
2200,21.254,318.814
2201,42.508,318.814
2202,63.763,318.814
2203,85.017,318.814
2204,106.271,318.814
2205,127.525,318.814
2206,148.78,318.814
2207,170.034,318.814
2208,191.288,318.814
2209,212.542,318.814
2210,233.797,318.814
2211,255.051,318.814
2212,276.305,318.814
2213,297.559,318.814
2214,318.814,318.814
2215,340.068,318.814
2216,361.322,318.814
2217,382.576,318.814
2218,403.831,318.814
2219,425.085,318.814
2220,446.339,318.814
2221,467.593,318.814
2222,488.847,318.814
2223,510.102,318.814
2224,531.356,318.814
2225,-510.102,340.068
2226,-488.847,340.068
2227,-467.593,340.068
2228,-446.339,340.068
2229,-425.085,340.068
2230,-403.831,340.068
2231,-382.576,340.068
2232,-361.322,340.068
2233,-340.068,340.068
2234,-318.814,340.068
2235,-297.559,340.068
2236,-276.305,340.068
2237,-255.051,340.068
2238,-233.797,340.068
2239,-212.542,340.068
2240,-191.288,340.068
2241,-170.034,340.068
2242,-148.78,340.068
2243,-127.525,340.068
2244,-106.271,340.068
2245,-85.017,340.068
2246,-63.763,340.068
2247,-42.508,340.068
2248,-21.254,340.068
2249,0,340.068
2250,21.254,340.068
2251,42.508,340.068
2252,63.763,340.068
2253,85.017,340.068
2254,106.271,340.068
2255,127.525,340.068
2256,148.78,340.068
2257,170.034,340.068
2258,191.288,340.068
2259,212.542,340.068
2260,233.797,340.068
2261,255.051,340.068
2262,276.305,340.068
2263,297.559,340.068
2264,318.814,340.068
2265,340.068,340.068
2266,361.322,340.068
2267,382.576,340.068
2268,403.831,340.068
2269,425.085,340.068
2270,446.339,340.068
2271,467.593,340.068
2272,488.847,340.068
2273,510.102,340.068
2274,-510.102,361.322
2275,-488.847,361.322
2276,-467.593,361.322
2277,-446.339,361.322
2278,-425.085,361.322
2279,-403.831,361.322
2280,-382.576,361.322
2281,-361.322,361.322
2282,-340.068,361.322
2283,-318.814,361.322
2284,-297.559,361.322
2285,-276.305,361.322
2286,-255.051,361.322
2287,-233.797,361.322
2288,-212.542,361.322
2289,-191.288,361.322
2290,-170.034,361.322
2291,-148.78,361.322
2292,-127.525,361.322
2293,-106.271,361.322
2294,-85.017,361.322
2295,-63.763,361.322
2296,-42.508,361.322
2297,-21.254,361.322
2298,0,361.322
2299,21.254,361.322
2300,42.508,361.322
2301,63.763,361.322
2302,85.017,361.322
2303,106.271,361.322
2304,127.525,361.322
2305,148.78,361.322
2306,170.034,361.322
2307,191.288,361.322
2308,212.542,361.322
2309,233.797,361.322
2310,255.051,361.322
2311,276.305,361.322
2312,297.559,361.322
2313,318.814,361.322
2314,340.068,361.322
2315,361.322,361.322
2316,382.576,361.322
2317,403.831,361.322
2318,425.085,361.322
2319,446.339,361.322
2320,467.593,361.322
2321,488.847,361.322
2322,510.102,361.322
2323,-488.847,382.576
2324,-467.593,382.576
2325,-446.339,382.576
2326,-425.085,382.576
2327,-403.831,382.576
2328,-382.576,382.576
2329,-361.322,382.576
2330,-340.068,382.576
2331,-318.814,382.576
2332,-297.559,382.576
2333,-276.305,382.576
2334,-255.051,382.576
2335,-233.797,382.576
2336,-212.542,382.576
2337,-191.288,382.576
2338,-170.034,382.576
2339,-148.78,382.576
2340,-127.525,382.576
2341,-106.271,382.576
2342,-85.017,382.576
2343,-63.763,382.576
2344,-42.508,382.576
2345,-21.254,382.576
2346,0,382.576
2347,21.254,382.576
2348,42.508,382.576
2349,63.763,382.576
2350,85.017,382.576
2351,106.271,382.576
2352,127.525,382.576
2353,148.78,382.576
2354,170.034,382.576
2355,191.288,382.576
2356,212.542,382.576
2357,233.797,382.576
2358,255.051,382.576
2359,276.305,382.576
2360,297.559,382.576
2361,318.814,382.576
2362,340.068,382.576
2363,361.322,382.576
2364,382.576,382.576
2365,403.831,382.576
2366,425.085,382.576
2367,446.339,382.576
2368,467.593,382.576
2369,488.847,382.576
2370,-488.847,403.831
2371,-467.593,403.831
2372,-446.339,403.831
2373,-425.085,403.831
2374,-403.831,403.831
2375,-382.576,403.831
2376,-361.322,403.831
2377,-340.068,403.831
2378,-318.814,403.831
2379,-297.559,403.831
2380,-276.305,403.831
2381,-255.051,403.831
2382,-233.797,403.831
2383,-212.542,403.831
2384,-191.288,403.831
2385,-170.034,403.831
2386,-148.78,403.831
2387,-127.525,403.831
2388,-106.271,403.831
2389,-85.017,403.831
2390,-63.763,403.831
2391,-42.508,403.831
2392,-21.254,403.831
2393,0,403.831
2394,21.254,403.831
2395,42.508,403.831
2396,63.763,403.831
2397,85.017,403.831
2398,106.271,403.831
2399,127.525,403.831
2400,148.78,403.831
2401,170.034,403.831
2402,191.288,403.831
2403,212.542,403.831
2404,233.797,403.831
2405,255.051,403.831
2406,276.305,403.831
2407,297.559,403.831
2408,318.814,403.831
2409,340.068,403.831
2410,361.322,403.831
2411,382.576,403.831
2412,403.831,403.831
2413,425.085,403.831
2414,446.339,403.831
2415,467.593,403.831
2416,488.847,403.831
2417,-467.593,425.085
2418,-446.339,425.085
2419,-425.085,425.085
2420,-403.831,425.085
2421,-382.576,425.085
2422,-361.322,425.085
2423,-340.068,425.085
2424,-318.814,425.085
2425,-297.559,425.085
2426,-276.305,425.085
2427,-255.051,425.085
2428,-233.797,425.085
2429,-212.542,425.085
2430,-191.288,425.085
2431,-170.034,425.085
2432,-148.78,425.085
2433,-127.525,425.085
2434,-106.271,425.085
2435,-85.017,425.085
2436,-63.763,425.085
2437,-42.508,425.085
2438,-21.254,425.085
2439,0,425.085
2440,21.254,425.085
2441,42.508,425.085
2442,63.763,425.085
2443,85.017,425.085
2444,106.271,425.085
2445,127.525,425.085
2446,148.78,425.085
2447,170.034,425.085
2448,191.288,425.085
2449,212.542,425.085
2450,233.797,425.085
2451,255.051,425.085
2452,276.305,425.085
2453,297.559,425.085
2454,318.814,425.085
2455,340.068,425.085
2456,361.322,425.085
2457,382.576,425.085
2458,403.831,425.085
2459,425.085,425.085
2460,446.339,425.085
2461,467.593,425.085
2462,-446.339,446.339
2463,-425.085,446.339
2464,-403.831,446.339
2465,-382.576,446.339
2466,-361.322,446.339
2467,-340.068,446.339
2468,-318.814,446.339
2469,-297.559,446.339
2470,-276.305,446.339
2471,-255.051,446.339
2472,-233.797,446.339
2473,-212.542,446.339
2474,-191.288,446.339
2475,-170.034,446.339
2476,-148.78,446.339
2477,-127.525,446.339
2478,-106.271,446.339
2479,-85.017,446.339
2480,-63.763,446.339
2481,-42.508,446.339
2482,-21.254,446.339
2483,0,446.339
2484,21.254,446.339
2485,42.508,446.339
2486,63.763,446.339
2487,85.017,446.339
2488,106.271,446.339
2489,127.525,446.339
2490,148.78,446.339
2491,170.034,446.339
2492,191.288,446.339
2493,212.542,446.339
2494,233.797,446.339
2495,255.051,446.339
2496,276.305,446.339
2497,297.559,446.339
2498,318.814,446.339
2499,340.068,446.339
2500,361.322,446.339
2501,382.576,446.339
2502,403.831,446.339
2503,425.085,446.339
2504,446.339,446.339
2505,-425.085,467.593
2506,-403.831,467.593
2507,-382.576,467.593
2508,-361.322,467.593
2509,-340.068,467.593
2510,-318.814,467.593
2511,-297.559,467.593
2512,-276.305,467.593
2513,-255.051,467.593
2514,-233.797,467.593
2515,-212.542,467.593
2516,-191.288,467.593
2517,-170.034,467.593
2518,-148.78,467.593
2519,-127.525,467.593
2520,-106.271,467.593
2521,-85.017,467.593
2522,-63.763,467.593
2523,-42.508,467.593
2524,-21.254,467.593
2525,0,467.593
2526,21.254,467.593
2527,42.508,467.593
2528,63.763,467.593
2529,85.017,467.593
2530,106.271,467.593
2531,127.525,467.593
2532,148.78,467.593
2533,170.034,467.593
2534,191.288,467.593
2535,212.542,467.593
2536,233.797,467.593
2537,255.051,467.593
2538,276.305,467.593
2539,297.559,467.593
2540,318.814,467.593
2541,340.068,467.593
2542,361.322,467.593
2543,382.576,467.593
2544,403.831,467.593
2545,425.085,467.593
2546,-403.831,488.847
2547,-382.576,488.847
2548,-361.322,488.847
2549,-340.068,488.847
2550,-318.814,488.847
2551,-297.559,488.847
2552,-276.305,488.847
2553,-255.051,488.847
2554,-233.797,488.847
2555,-212.542,488.847
2556,-191.288,488.847
2557,-170.034,488.847
2558,-148.78,488.847
2559,-127.525,488.847
2560,-106.271,488.847
2561,-85.017,488.847
2562,-63.763,488.847
2563,-42.508,488.847
2564,-21.254,488.847
2565,0,488.847
2566,21.254,488.847
2567,42.508,488.847
2568,63.763,488.847
2569,85.017,488.847
2570,106.271,488.847
2571,127.525,488.847
2572,148.78,488.847
2573,170.034,488.847
2574,191.288,488.847
2575,212.542,488.847
2576,233.797,488.847
2577,255.051,488.847
2578,276.305,488.847
2579,297.559,488.847
2580,318.814,488.847
2581,340.068,488.847
2582,361.322,488.847
2583,382.576,488.847
2584,403.831,488.847
2585,-361.322,510.102
2586,-340.068,510.102
2587,-318.814,510.102
2588,-297.559,510.102
2589,-276.305,510.102
2590,-255.051,510.102
2591,-233.797,510.102
2592,-212.542,510.102
2593,-191.288,510.102
2594,-170.034,510.102
2595,-148.78,510.102
2596,-127.525,510.102
2597,-106.271,510.102
2598,-85.017,510.102
2599,-63.763,510.102
2600,-42.508,510.102
2601,-21.254,510.102
2602,0,510.102
2603,21.254,510.102
2604,42.508,510.102
2605,63.763,510.102
2606,85.017,510.102
2607,106.271,510.102
2608,127.525,510.102
2609,148.78,510.102
2610,170.034,510.102
2611,191.288,510.102
2612,212.542,510.102
2613,233.797,510.102
2614,255.051,510.102
2615,276.305,510.102
2616,297.559,510.102
2617,318.814,510.102
2618,340.068,510.102
2619,361.322,510.102
2620,-318.814,531.356
2621,-297.559,531.356
2622,-276.305,531.356
2623,-255.051,531.356
2624,-233.797,531.356
2625,-212.542,531.356
2626,-191.288,531.356
2627,-170.034,531.356
2628,-148.78,531.356
2629,-127.525,531.356
2630,-106.271,531.356
2631,-85.017,531.356
2632,-63.763,531.356
2633,-42.508,531.356
2634,-21.254,531.356
2635,0,531.356
2636,21.254,531.356
2637,42.508,531.356
2638,63.763,531.356
2639,85.017,531.356
2640,106.271,531.356
2641,127.525,531.356
2642,148.78,531.356
2643,170.034,531.356
2644,191.288,531.356
2645,212.542,531.356
2646,233.797,531.356
2647,255.051,531.356
2648,276.305,531.356
2649,297.559,531.356
2650,318.814,531.356
2651,-276.305,552.61
2652,-255.051,552.61
2653,-233.797,552.61
2654,-212.542,552.61
2655,-191.288,552.61
2656,-170.034,552.61
2657,-148.78,552.61
2658,-127.525,552.61
2659,-106.271,552.61
2660,-85.017,552.61
2661,-63.763,552.61
2662,-42.508,552.61
2663,-21.254,552.61
2664,0,552.61
2665,21.254,552.61
2666,42.508,552.61
2667,63.763,552.61
2668,85.017,552.61
2669,106.271,552.61
2670,127.525,552.61
2671,148.78,552.61
2672,170.034,552.61
2673,191.288,552.61
2674,212.542,552.61
2675,233.797,552.61
2676,255.051,552.61
2677,276.305,552.61
2678,-255.051,573.864
2679,-233.797,573.864
2680,-212.542,573.864
2681,-191.288,573.864
2682,-170.034,573.864
2683,-148.78,573.864
2684,-127.525,573.864
2685,-106.271,573.864
2686,-85.017,573.864
2687,-63.763,573.864
2688,-42.508,573.864
2689,-21.254,573.864
2690,0,573.864
2691,21.254,573.864
2692,42.508,573.864
2693,63.763,573.864
2694,85.017,573.864
2695,106.271,573.864
2696,127.525,573.864
2697,148.78,573.864
2698,170.034,573.864
2699,191.288,573.864
2700,212.542,573.864
2701,233.797,573.864
2702,255.051,573.864
2703,-212.542,595.119
2704,-191.288,595.119
2705,-170.034,595.119
2706,-148.78,595.119
2707,-127.525,595.119
2708,-106.271,595.119
2709,-85.017,595.119
2710,-63.763,595.119
2711,-42.508,595.119
2712,-21.254,595.119
2713,0,595.119
2714,21.254,595.119
2715,42.508,595.119
2716,63.763,595.119
2717,85.017,595.119
2718,106.271,595.119
2719,127.525,595.119
2720,148.78,595.119
2721,170.034,595.119
2722,191.288,595.119
2723,212.542,595.119
2724,-170.034,616.373
2725,-148.78,616.373
2726,-127.525,616.373
2727,-106.271,616.373
2728,-85.017,616.373
2729,-63.763,616.373
2730,-42.508,616.373
2731,-21.254,616.373
2732,0,616.373
2733,21.254,616.373
2734,42.508,616.373
2735,63.763,616.373
2736,85.017,616.373
2737,106.271,616.373
2738,127.525,616.373
2739,148.78,616.373
2740,170.034,616.373
