J1 pin; Signal;PB_INA;ASIC_Channel; JA pin; JA signal; JA local; JB pin; JB signal; JB local; JC pin; JC signal; JC local; JD pin; JD signal; JD local
1;PB_INA0;0;0;32;A_SIPM1;A_Anode_D2;;;;;;;;;
2;PB_INA1;1;1;31;A_SIPM2;A_Anode_D3;;;;;;;;;
3;VBIAS_A;;;;;;;;;;;;;;
4;VBIAS_A;;;;;;;;;;;;;;
5;PB_INA2;2;2;28;A_SIPM0;A_Anode_D1;;;;;;;;;
6;PB_INA3;3;3;27;A_SIPM3;A_Anode_D4;;;;;;;;;
7;VBIAS_A;;;;;;;;;;;;;;
8;VBIAS_A;;;;;;;;;;;;;;
9;PB_INA4;4;4;24;A_SIPM5;A_Anode_D6;;;;;;;;;
10;PB_INA5;5;5;23;A_SIPM6;A_Anode_D7;;;;;;;;;
11;VBIAS_A;;;;;;;;;;;;;;
12;VBIAS_A;;;;;;;;;;;;;;
13;PB_INA6;6;6;20;A_SIPM4;A_Anode_D5;;;;;;;;;
14;PB_INA7;7;7;19;A_SIPM7;A_Anode_D8;;;;;;;;;
15;VBIAS_A;;;;;;;;;;;;;;
16;VBIAS_A;;;;;;;;;;;;;;
17;PB_INA9;9;9;16;A_SIPM9;A_Anode_D10;;;;;;;;;
18;PB_INA10;10;11;15;A_SIPM10;A_Anode_D11;;;;;;;;;
19;VBIAS_A;;;;;;;;;;;;;;
20;VBIAS_A;;;;;;;;;;;;;;
21;PB_INA11;11;10;12;A_SIPM8;A_Anode_D9;;;;;;;;;
22;PB_INA12;12;13;11;A_SIPM11;A_Anode_D12;;;;;;;;;
23;VBIAS_A;;;;;;;;;;;;;;
24;VBIAS_A;;;;;;;;;;;;;;
25;PB_INA13;13;12;8;A_SIPM13;A_Anode_D14;;;;;;;;;
26;PB_INA14;14;15;7;A_SIPM14;A_Anode_D15;;;;;;;;;
27;VBIAS_A;;;;;;;;;;;;;;
28;VBIAS_A;;;;;;;;;;;;;;
29;PB_INA15;15;14;4;A_SIPM12;A_Anode_D13;;;;;;;;;
30;PB_INA16;16;16;3;A_SIPM15;A_Anode_D16;;;;;;;;;
31;VBIAS_A;;;;;;;;;;;;;;
32;VBIAS_A;;;;;;;;;;;;;;
33;PB_INA18;18;19;;;;32;B_SIPM1;B_Anode_D2;;;;;;
34;PB_INA19;19;18;;;;31;B_SIPM2;B_Anode_D3;;;;;;
35;VBIAS_B;;;;;;;;;;;;;;
36;VBIAS_B;;;;;;;;;;;;;;
37;PB_INA20;20;21;;;;28;B_SIPM0;B_Anode_D1;;;;;;
38;PB_INA21;21;20;;;;27;B_SIPM3;B_Anode_D4;;;;;;
39;VBIAS_B;;;;;;;;;;;;;;
40;VBIAS_B;;;;;;;;;;;;;;
41;PB_INA22;22;23;;;;24;B_SIPM5;B_Anode_D6;;;;;;
42;PB_INA23;23;22;;;;23;B_SIPM6;B_Anode_D7;;;;;;
43;VBIAS_B;;;;;;;;;;;;;;
44;VBIAS_B;;;;;;;;;;;;;;
45;PB_INA24;24;25;;;;20;B_SIPM4;B_Anode_D5;;;;;;
46;PB_INA25;25;24;;;;19;B_SIPM7;B_Anode_D8;;;;;;
47;VBIAS_B;;;;;;;;;;;;;;
48;VBIAS_B;;;;;;;;;;;;;;
49;PB_INA27;27;27;;;;16;B_SIPM9;B_Anode_D10;;;;;;
50;PB_INA28;28;28;;;;15;B_SIPM10;B_Anode_D11;;;;;;
51;VBIAS_B;;;;;;;;;;;;;;
52;VBIAS_B;;;;;;;;;;;;;;
53;PB_INA29;29;29;;;;12;B_SIPM8;B_Anode_D9;;;;;;
54;PB_INA30;30;30;;;;11;B_SIPM11;B_Anode_D12;;;;;;
55;VBIAS_B;;;;;;;;;;;;;;
56;VBIAS_B;;;;;;;;;;;;;;
57;PB_INA31;31;31;;;;8;B_SIPM13;B_Anode_D14;;;;;;
58;PB_INA32;32;32;;;;7;B_SIPM14;B_Anode_D15;;;;;;
59;VBIAS_B;;;;;;;;;;;;;;
60;VBIAS_B;;;;;;;;;;;;;;
61;PB_INA33;33;33;;;;4;B_SIPM12;B_Anode_D13;;;;;;
62;PB_INA34;34;34;;;;3;B_SIPM15;B_Anode_D16;;;;;;
63;VBIAS_B;;;;;;;;;;;;;;
64;VBIAS_B;;;;;;;;;;;;;;
65;PB_INA36;36;69;;;;;;;32;C_SIPM1;C_Anode_D2;;;
66;PB_INA37;37;70;;;;;;;31;C_SIPM2;C_Anode_D3;;;
67;VBIAS_C;;;;;;;;;;;;;;
68;VBIAS_C;;;;;;;;;;;;;;
69;PB_INA38;38;67;;;;;;;28;C_SIPM0;C_Anode_D1;;;
70;PB_INA39;39;68;;;;;;;27;C_SIPM3;C_Anode_D4;;;
71;VBIAS_C;;;;;;;;;;;;;;
72;VBIAS_C;;;;;;;;;;;;;;
73;PB_INA40;40;65;;;;;;;24;C_SIPM5;C_Anode_D6;;;
74;PB_INA41;41;66;;;;;;;23;C_SIPM6;C_Anode_D7;;;
75;VBIAS_C;;;;;;;;;;;;;;
76;VBIAS_C;;;;;;;;;;;;;;
77;PB_INA42;42;63;;;;;;;20;C_SIPM4;C_Anode_D5;;;
78;PB_INA43;43;64;;;;;;;19;C_SIPM7;C_Anode_D8;;;
79;VBIAS_C;;;;;;;;;;;;;;
80;VBIAS_C;;;;;;;;;;;;;;
81;PB_INA45;45;61;;;;;;;16;C_SIPM9;C_Anode_D10;;;
82;PB_INA46;46;60;;;;;;;15;C_SIPM10;C_Anode_D11;;;
83;VBIAS_C;;;;;;;;;;;;;;
84;VBIAS_C;;;;;;;;;;;;;;
85;PB_INA47;47;59;;;;;;;12;C_SIPM8;C_Anode_D9;;;
86;PB_INA48;48;58;;;;;;;11;C_SIPM11;C_Anode_D12;;;
87;VBIAS_C;;;;;;;;;;;;;;
88;VBIAS_C;;;;;;;;;;;;;;
89;PB_INA49;49;57;;;;;;;8;C_SIPM13;C_Anode_D14;;;
90;PB_INA50;50;56;;;;;;;7;C_SIPM14;C_Anode_D15;;;
91;VBIAS_C;;;;;;;;;;;;;;
92;VBIAS_C;;;;;;;;;;;;;;
93;PB_INA51;51;55;;;;;;;4;C_SIPM12;C_Anode_D13;;;
94;PB_INA52;52;54;;;;;;;3;C_SIPM15;C_Anode_D16;;;
95;VBIAS_C;;;;;;;;;;;;;;
96;VBIAS_C;;;;;;;;;;;;;;
97;PB_INA54;54;52;;;;;;;;;;32;D_SIPM1;D_Anode_D2
98;PB_INA55;55;51;;;;;;;;;;31;D_SIPM2;D_Anode_D3
99;VBIAS_D;;;;;;;;;;;;;;
100;VBIAS_D;;;;;;;;;;;;;;
101;PB_INA56;56;50;;;;;;;;;;28;D_SIPM0;D_Anode_D1
102;PB_INA57;57;49;;;;;;;;;;27;D_SIPM3;D_Anode_D4
103;VBIAS_D;;;;;;;;;;;;;;
104;VBIAS_D;;;;;;;;;;;;;;
105;PB_INA58;58;48;;;;;;;;;;24;D_SIPM5;D_Anode_D6
106;PB_INA59;59;47;;;;;;;;;;23;D_SIPM6;D_Anode_D7
107;VBIAS_D;;;;;;;;;;;;;;
108;VBIAS_D;;;;;;;;;;;;;;
109;PB_INA60;60;46;;;;;;;;;;20;D_SIPM4;D_Anode_D5
110;PB_INA61;61;45;;;;;;;;;;19;D_SIPM7;D_Anode_D8
111;VBIAS_D;;;;;;;;;;;;;;
112;VBIAS_D;;;;;;;;;;;;;;
113;PB_INA63;63;42;;;;;;;;;;16;D_SIPM9;D_Anode_D10
114;PB_INA64;64;43;;;;;;;;;;15;D_SIPM10;D_Anode_D11
115;VBIAS_D;;;;;;;;;;;;;;
116;VBIAS_D;;;;;;;;;;;;;;
117;PB_INA65;65;40;;;;;;;;;;12;D_SIPM8;D_Anode_D9
118;PB_INA66;66;41;;;;;;;;;;11;D_SIPM11;D_Anode_D12
119;VBIAS_D;;;;;;;;;;;;;;
120;VBIAS_D;;;;;;;;;;;;;;
121;PB_INA67;67;38;;;;;;;;;;8;D_SIPM13;D_Anode_D14
122;PB_INA68;68;39;;;;;;;;;;7;D_SIPM14;D_Anode_D15
123;VBIAS_D;;;;;;;;;;;;;;
124;VBIAS_D;;;;;;;;;;;;;;
125;PB_INA69;69;36;;;;;;;;;;4;D_SIPM12;D_Anode_D13
126;PB_INA70;70;37;;;;;;;;;;3;D_SIPM15;D_Anode_D16
127;VBIAS_D;;;;;;;;;;;;;;
128;VBIAS_D;;;;;;;;;;;;;;
129;;;;;;;;;;;;;;;
130;;;;;;;;;;;;;;;
131;GND;;;;;;;;;;;;;;
132;GND;;;;;;;;;;;;;;
133;GND;;;;;;;;;;;;;;
134;;;;;;;;;;;;;;;
135;GND;;;;;;;;;;;;;;
136;;;;;;;;;;;;;;;
137;GND;;;;;;;;;;;;;;
138;;;;;;;;;;;;;;;
139;GND;;;;;;;;;;;;;;
140;;;;;;;;;;;;;;;
